"number"	"standard_number"	"standard_code"	"professional_area"	"professional_type"	"standard_name"	"order_Mintrud"
"1"	"976"	"16.114"	"Строительство и жилищно-коммунальное хозяйство"	"Организация проектного производства в строительстве"	"Организатор проектного производства в строительстве"	"183н от 15.02.2017"	""	""
"2"	"969"	"16.110"	"Строительство и жилищно-коммунальное хозяйство"	"Подготовка проекта обеспечения соблюдения требований энергетической эффективности зданий, строений и сооружений"	"Специалист по подготовке проекта обеспечения соблюдения требований энергетической эффективности зданий, строений и сооружений"	"217н от 01.03.2017"	""	""
"3"	"985"	"40.172"	"Сквозные виды профессиональной деятельности"	"Проектирование сооружений водоподготовки и водозаборных сооружений"	"Специалист в области проектирования сооружений водоподготовки и водозаборных сооружений"	"177н от 15.02.2017"	""	""
"4"	"998"	"40.176"	"Сквозные виды профессиональной деятельности"	"Проектирование систем холодоснабжения"	"Специалист в области проектирования систем холодоснабжения"	"221н от 01.03.2017"	""	""
"5"	"994"	"16.123"	"Строительство и жилищно-коммунальное хозяйство"	"Монтаж оборудования насосных станций и станций водоподготовки в системах водоснабжения"	"Монтажник оборудования насосных станций и станций водоподготовки в системах водоснабжения"	"225н от 01.03.2017"	""	""
"6"	"1000"	"16.125"	"Строительство и жилищно-коммунальное хозяйство"	"Монтаж оборудования насосных станций и сооружений очистки стоков в системах водоотведения"	"Монтажник оборудования насосных станций и сооружений очистки стоков в системах водоотведения"	"212н от 01.03.2017"	""	""
"7"	"996"	"16.124"	"Строительство и жилищно-коммунальное хозяйство"	"Выполнение механизированных работ с применением машин для забивки и погружения свай"	"Машинист машин для забивки и погружения свай"	"208н от 01.03.2017"	""	""
"8"	"269"	"32.001"	"Авиастроение"	"Разработка комплексов бортового оборудования (КБО) авиационных летательных аппаратов"	"Специалист по разработке комплексов бортового оборудования авиационных летательных аппаратов"	"1042н от 15.12.2014"	""	""
"9"	"270"	"32.002"	"Авиастроение"	"Проектирование и конструирование авиационной техники"	"Специалист по проектированию и конструированию авиационной техники"	"985н от 08.12.2014"	""	""
"10"	"271"	"32.003"	"Авиастроение"	"Проектирование и конструирование механических конструкций, систем и агрегатов летательных аппаратов (ЛА)"	"Специалист по проектированию и конструированию механических конструкций, систем и агрегатов летательных аппаратов"	"987н от 08.12.2014"	""	""
"11"	"272"	"32.004"	"Авиастроение"	"Проведение прочностных расчетов авиационных конструкций"	"Специалист по прочностным расчетам авиационных конструкций"	"1011н от 11.12.2014"	""	""
"12"	"701"	"32.005"	"Авиастроение"	"Управление программами в организациях авиастроительной отрасли"	"Специалист по управлению авиационными программами"	"1045н от 21.12.2015"	""	""
"13"	"703"	"32.006"	"Авиастроение"	"Организация процессов послепродажного обслуживания авиационной техники и сервисной поддержки потребителей и управление ими"	"Специалист по послепродажному обслуживанию авиационной техники"	"1052н от 21.12.2015"	""	""
"14"	"704"	"32.007"	"Авиастроение"	"Управление цепью поставок в авиастроении"	"Специалист по управлению цепью поставок в авиастроении"	"1055н от 21.12.2015"	""	""
"15"	"802"	"32.008"	"Авиастроение"	"Управление системами качества в авиастроении"	"Специалист по управлению качеством в авиастроении"	"1112н от 22.12.2015"	""	""
"16"	"200"	"31.001"	"Автомобилестроение"	"Управление и развитие производственной системы при производстве транспортных средств и оборудования"	"Специалист промышленного инжиниринга в автомобилестроении"	"712н от 12.10.2014"	""	""
"17"	"217"	"31.011"	"Автомобилестроение"	"Осуществление продаж транспортных средств и оборудования"	"Специалист по продажам в автомобилестроении"	"678н от 09.10.2014"	""	""
"18"	"203"	"31.003"	"Автомобилестроение"	"Производство инструментальной оснастки для производства транспортных средств и оборудования"	"Специалист по инструментальной оснастке в автомобилестроении"	"714н от 13.10.2014"	""	""
"19"	"208"	"31.005"	"Автомобилестроение"	"Окрасочное производство при производстве транспортных средств"	"Специалист окрасочного производства в автомобилестроении"	"737н от 20.10.2014"	""	""
"20"	"209"	"31.006"	"Автомобилестроение"	"Разработка дизайн-проектов для производства транспортных средств"	"Дизайнер автомобилестроения"	"813н от 28.10.2014"	""	""
"21"	"210"	"31.007"	"Автомобилестроение"	"Сборка и контроль технического состояния агрегатов и систем автомобиля"	"Специалист по сборке агрегатов и автомобиля"	"877н от 11.11.2014"	""	""
"22"	"213"	"31.008"	"Автомобилестроение"	"Проведение химико-физических анализов по исследованию свойств материалов при производстве транспортных средств"	"Химик-технолог в автомобилестроении"	"689н от 10.10.2014"	""	""
"23"	"214"	"31.009"	"Автомобилестроение"	"Литейное производство для изготовления транспортных средств и оборудования"	"Специалист литейного производства в автомобилестроении"	"711н от 13.10.2014"	""	""
"24"	"215"	"31.010"	"Автомобилестроение"	"Конструирование деталей, узлов, агрегатов и систем транспортных средств"	"Конструктор в автомобилестроении"	"258н от 13.03.2017"	""	""
"25"	"218"	"31.012"	"Автомобилестроение"	"Исследование и анализ рынка для реализации программ продвижения продукта при производстве транспортных средств"	"Специалист по исследованию и анализу рынка автомобилестроения"	"707н от 13.10.2014"	""	""
"26"	"220"	"31.013"	"Автомобилестроение"	"Термическая обработка деталей при производстве транспортных средств"	"Специалист по термообработке в автомобилестроении"	"710н от 13.10.2014"	""	""
"27"	"221"	"31.014"	"Автомобилестроение"	"Технологическая подготовка и сопровождение производства транспортных средств и оборудования"	"Технолог в автомобилестроении"	"897н от 18.11.2014"	""	""
"28"	"222"	"31.015"	"Автомобилестроение"	"Технологическая подготовка производства транспортных средств и оборудования"	"Специалист технологической подготовки производства в автомобилестроении"	"720н от 14.10.2014"	""	""
"29"	"223"	"31.016"	"Автомобилестроение"	"Кузнечно-прессовые работы при производстве транспортных средств"	"Специалист по прессовым работам в автомобилестроении"	"738н от 20.10.2014"	""	""
"30"	"224"	"31.017"	"Автомобилестроение"	"Обеспечение технического сопровождения производства транспортных средств и оборудования"	"Специалист по наладке оборудования в автомобилестроении"	"810н от 28.10.2014"	""	""
"31"	"225"	"31.018"	"Автомобилестроение"	"Управление поставками при производстве транспортных средств и оборудования"	"Логист автомобилестроения"	"721н от 14.10.2014"	""	""
"32"	"226"	"31.019"	"Автомобилестроение"	"Металлообрабатывающее производство при производстве транспортных средств и оборудования"	"Специалист металлообрабатывающего производства в автомобилестроении"	"925н от 21.11.2014"	""	""
"33"	"227"	"31.020"	"Автомобилестроение"	"Производство металлических конструкций для производства транспортных средств"	"Специалист по металлоконструкциям в автомобилестроении"	"928н от 21.11.2014"	""	""
"34"	"307"	"07.001"	"Административно-управленческая и офисная деятельность"	"Медиация (урегулирование споров с помощью процедуры медиации)"	"Специалист в области медиации (медиатор)"	"1041н от 15.12.2014"	""	""
"35"	"447"	"07.002"	"Административно-управленческая и офисная деятельность"	"Организационное и документационное обеспечение управления организациями любых организационно-правовых форм"	"Специалист по организационному и документационному обеспечению управления организацией"	"276н от 06.05.2015"	""	""
"36"	"559"	"07.003"	"Административно-управленческая и офисная деятельность"	"Управление персоналом организации"	"Специалист по управлению персоналом"	"691н от 06.10.2015"	""	""
"37"	"554"	"10.001"	"Архитектура, проектирование, геодезия, топография и дизайн"	"Деятельность в сфере государственного кадастрового учета объектов недвижимости"	"Специалист в сфере кадастрового учета"	"666н от 29.09.2015"	""	""
"38"	"810"	"10.003"	"Архитектура, проектирование, геодезия, топография и дизайн"	"Деятельность в области инженерно-технического проектирования для градостроительной деятельности"	"Специалист в области инженерно-технического проектирования для градостроительной деятельности"	"1167н от 25.12.2014"	""	""
"39"	"818"	"10.005"	"Архитектура, проектирование, геодезия, топография и дизайн"	"Благоустройство и озеленение населенных мест"	"Специалист по вопросам благоустройства и озеленения территорий"	"1159н от 28.12.2015"	""	""
"40"	"836"	"10.006"	"Архитектура, проектирование, геодезия, топография и дизайн"	"Деятельность по разработке документов сферы устойчивого развития территорий (в том числе городов и иных поселений)"	"Градостроитель"	"110н от 17.03.2016"	""	""
"41"	"111"	"24.020"	"Атомная промышленность"	"Контроль состояния радиационной обстановки на судне с ядерной энергетической установкой (ЯЭУ) и судах атомно-технического обслуживания (АТО)"	"Дозиметрист судов с ядерной энергетической установкой, судов атомно-технического обслуживания (инженер всех категорий)"	"858н от 31.10.2014"	""	""
"42"	"127"	"24.021"	"Атомная промышленность"	"Эксплуатация судовой ядерной энергетической установки (ЯЭУ), обращение с ядерным топливом (ЯТ)"	"Специалист атомно-механической службы судов с ядерными энергетическими установками, судов атомно-технологического обслуживания (всехкатегорий)"	"529н от 04.08.2014"	""	""
"43"	"134"	"24.023"	"Атомная промышленность"	"Эксплуатационное обслуживание котлов в атомной энергетике"	"Машинист котлов в атомной энергетике"	"359н от 04.06.2014"	""	""
"44"	"144"	"24.024"	"Атомная промышленность"	"Обращение с ядерным топливом (ЯТ) и радиоактивными отходами (РО)"	"Специалист по организации спецпроизводства в области атомного флота (всех специальностей, всех категорий)"	"618н от 08.09.2014"	""	""
"45"	"30"	"24.001"	"Атомная промышленность"	"Эксплуатация оборудования по переработке радиоактивных отходов"	"Переработчик радиоактивных отходов"	"184н от 07.04.2014"	""	""
"46"	"351"	"24.026"	"Атомная промышленность"	"Обслуживание контрольно-измерительных приборов и автоматики (КИПиА) в организациях атомной энергетики"	"Слесарь по контрольно-измерительным приборам и автоматике в атомной энергетике"	"1119н от 25.12.2014"	""	""
"47"	"41"	"24.005"	"Атомная промышленность"	"Управление проектами и программами в области атомного флота"	"Специалист по управлению проектами и программами в области атомного флота"	"190н от 07.04.2014"	""	""
"48"	"422"	"24.027"	"Атомная промышленность"	"Контроль за состоянием наземных и гидротехнических сооружений ПАТЭС"	"Инженер наземных и гидротехнических сооружений плавучих атомных станций"	"152н от 10.03.2015"	""	""
"49"	"429"	"24.028"	"Атомная промышленность"	"Организация и проведение работ по обеспечению ядерной, радиационной, технической, пожарной безопасности и охраны труда при работе со свежим и отработавшим ядерным топливом в процессе эксплуатации атомной станции"	"Специалист ядерно-физической лаборатории в области атомной энергетики"	"159н от 12.03.2015"	""	""
"50"	"443"	"24.029"	"Атомная промышленность"	"Наладка и регулировка оборудования с программным управлением для производства изделий в атомной промышленности"	"Наладчик станков и манипуляторов в атомной промышленности"	"147н от 10.03.2015"	""	""
"51"	"45"	"24.007"	"Атомная промышленность"	"Ведение технологических процессов хранения отработанного ядерного топлива (ОЯТ)"	"Оператор хранилища отработанного ядерного топлива"	"210н от 07.04.2014"	""	""
"52"	"460"	"24.030"	"Атомная промышленность"	"Обеспечение и контроль экологической и радиационной безопасности плавучих атомных станций (ПАТЭС)"	"Специалист по экологической и радиационной безопасности плавучих атомных станций"	"203н от 31.03.2015"	""	""
"53"	"464"	"24.032"	"Атомная промышленность"	"Инженерное обеспечение работы оборудования и систем реакторного отделения атомной электростанции (АЭС) для выработки тепловой и электрической энергии"	"Специалист в области теплоэнергетики (реакторное отделение)"	"280н от 07.05.2015"	""	""
"54"	"46"	"24.008"	"Атомная промышленность"	"Эксплуатационное обслуживание оборудования и трубопроводов систем реакторного отделения"	"Оператор реакторного отделения"	"212н от 07.04.2014"	""	""
"55"	"473"	"24.033"	"Атомная промышленность"	"Эксплуатация контрольно-измерительных приборов и автоматики АС"	"Специалист в области контрольно-измерительных приборов и автоматики атомной станции"	"333н от 29.05.2015"	""	""
"56"	"477"	"24.036"	"Атомная промышленность"	"Профессиональное обучение персонала атомных электрических станций (АЭС)"	"Специалист в области профессионального обучения в атомной энергетике"	"330н от 29.05.2015"	""	""
"57"	"483"	"24.037"	"Атомная промышленность"	"Техническое обслуживание и ремонт механического оборудования атомных станций (АС)"	"Специалист по обслуживанию и ремонту механического оборудования атомных станций"	"331н от 29.05.2015"	""	""
"58"	"488"	"24.038"	"Атомная промышленность"	"Эксплуатация электроэнергетических систем (ЭЭС) плавучих атомных станций (ПАТЭС)"	"Специалист по эксплуатации электроэнергетических систем плавучих атомныхстанций"	"641н от 15.09.2015"	""	""
"59"	"489"	"24.039"	"Атомная промышленность"	"Организация технической эксплуатации плавучих атомных станций (ПАС)"	"Специалист по организации технической эксплуатации плавучих атомных станций"	"638н от 15.09.2015"	""	""
"60"	"490"	"24.040"	"Атомная промышленность"	"Контроль качества и приемка оборудования, запчастей, комплектующих изделий на атомных станциях (АС)"	"Специалист в области производственно-технологической комплектации наатомных станциях"	"633н от 14.09.2015"	""	""
"61"	"53"	"24.010"	"Атомная промышленность"	"Эксплуатация самоходного судна-плавкрана"	"Руководитель плавкрана (кранмейстер) в области атомного флота"	"201н от 07.04.2014"	""	""
"62"	"54"	"24.011"	"Атомная промышленность"	"Эксплуатационное обслуживание двигателей внутреннего сгорания атомных электростанций"	"Машинист двигателей внутреннего сгорания в атомной энергетике"	"199н от 07.04.2014"	""	""
"63"	"55"	"24.012"	"Атомная промышленность"	"Техническая эксплуатация электрооборудования судов с ядерной энергетической установкой (ЯЭУ) и судов атомного технологического обслуживания (АТО)"	"Электромеханик судов с ядерной энергетической установкой, судов атомного технологического обслуживания (всех категорий)"	"196н от 07.04.2014"	""	""
"64"	"595"	"24.059"	"Атомная промышленность"	"Извлечение металлов из руд, концентратов и отходов различных производств при помощи водных растворов химических реагентов (выщелачивание) с последующим выделением металлов из растворов"	"Аппаратчик-гидрометаллург в атомной отрасли"	"791н от 28.10.2015"	""	""
"65"	"596"	"24.059"	"Атомная промышленность"	"Ведение процесса дезактивации на атомной электрической станции"	"Оператор установки дезактивации"	"778н от 27.10.2015"	""	""
"66"	"597"	"24.060"	"Атомная промышленность"	"Эксплуатация спецоборудования по переработке твердых радиоактивных отходов (ТРО)"	"Оператор спецоборудования по переработке твердых радиоактивных отходов"	"846н от 05.11.2015"	""	""
"67"	"599"	"24.062"	"Атомная промышленность"	"Разработка и сопровождение проектов по выводу из эксплуатации объектов использования атомной энергии"	"Инженер-проектировщик по выводу из эксплуатации объектов использования атомной энергии"	"851н от 06.11.2015"	""	""
"68"	"600"	"24.063"	"Атомная промышленность"	"Демонтаж радиационно опасных объектов"	"Техник по промышленному строительству в области демонтажа радиационно опасных объектов"	"847н от 05.11.2015"	""	""
"69"	"601"	"24.064"	"Атомная промышленность"	"Производство работ по строительству атомных электрических станций"	"Инженер по строительству атомных электрических станций"	"850н от 06.11.2015"	""	""
"70"	"602"	"24.065"	"Атомная промышленность"	"Профессиональная деятельность в области внедрения и поддержания интегрированных систем менеджмента, включая систему менеджмента качества, в организациях, осуществляющих деятельность в области использования атомной энергии"	"Специалист по обеспечению качества в организациях, осуществляющих деятельность в области использования атомной энергии"	"790н от 28.10.2015"	""	""
"71"	"603"	"24.066"	"Атомная промышленность"	"Применение геотехнологических методов добычи урана"	"Оператор геотехнологических скважин в атомной отрасли"	"792н от 28.10.2015"	""	""
"72"	"604"	"24.067"	"Атомная промышленность"	"Паспортизация радиоактивных отходов"	"Инженер по паспортизации радиоактивных отходов"	"784н от 28.10.2015"	""	""
"73"	"605"	"24.068"	"Атомная промышленность"	"Эксплуатация и техническое обслуживание систем дистанционного контроля работ в высоких радиационных полях"	"Оператор систем дистанционного контроля работ в высоких радиационных полях"	"800н от 29.10.2015"	""	""
"74"	"606"	"24.069"	"Атомная промышленность"	"Строительство, реконструкция и демонтаж радиационно опасных объектов"	"Инженер в области организации строительства и осуществления строительного контроля, реконструкции и демонтажа на радиационно опасных объектах"	"870н от 16.11.2015"	""	""
"75"	"607"	"24.070"	"Атомная промышленность"	"Осуществление демонтажных работ и обеспечение их безопасности проведения"	"Оператор демонтажных роботов для работ в высоких радиационных полях"	"799н от 29.10.2015"	""	""
"76"	"65"	"24.015"	"Атомная промышленность"	"Монтаж оборудования атомных электростанций"	"Монтажник оборудования атомных электростанций"	"226н от 11.04.2014"	""	""
"77"	"680"	"24.071"	"Атомная промышленность"	"Организация и проведение работ по контролю состояния и обеспечения безопасности эксплуатации атомной станции (АС)"	"Инспектор в атомной энергетике"	"1127н от 24.12.2015"	""	""
"78"	"70"	"24.016"	"Атомная промышленность"	"Техническая эксплуатация судовых энергетических установок судов с ядерно-энергетическими установками (ЯЭУ) и судов атомно-технологического обслуживания (АТО)"	"Механик судов с ядерно-энергетическими установками, судов атомно-технологического обслуживания (всех категорий)"	"222н от 11.04.2014"	""	""
"79"	"73"	"24.018"	"Атомная промышленность"	"Техническая эксплуатация судового оборудования судов с ядерными энергетическими установками (ЯЭУ) и судов атомно-технологического обслуживания (АТО)"	"Моторист судов с ядерными энергетическими установками, судов атомно-технологического обслуживания (всех категорий)"	"231н от 11.04.2014"	""	""
"80"	"290"	"23.001"	"Деревообрабатывающая и целлюлозно-бумажная промышленность, мебельное производство"	"Приготовление химических растворов в открытых и закрытых аппаратах с мешалками различных типов"	"Аппаратчик приготовления химических растворов"	"1026н от 11.12.2014"	""	""
"81"	"315"	"23.002"	"Деревообрабатывающая и целлюлозно-бумажная промышленность, мебельное производство"	"Машинная валка леса и его первичная обработка"	"Машинист лесозаготовительной машины"	"1094н от 22.12.2014"	""	""
"82"	"316"	"23.003"	"Деревообрабатывающая и целлюлозно-бумажная промышленность, мебельное производство"	"Управление гофрировальным агрегатом"	"Машинист гофрировального агрегата"	"1085н от 22.12.2014"	""	""
"83"	"317"	"23.004"	"Деревообрабатывающая и целлюлозно-бумажная промышленность, мебельное производство"	"Трелевка древесины самоходными лесными машинами"	"Машинист трелевочной машины"	"1065н от 22.12.2014"	""	""
"84"	"318"	"23.005"	"Деревообрабатывающая и целлюлозно-бумажная промышленность, мебельное производство"	"Управление работой рубительной машины"	"Машинист рубительной машины в лесопромышленном комплексе"	"1095н от 22.12.2014"	""	""
"85"	"319"	"23.006"	"Деревообрабатывающая и целлюлозно-бумажная промышленность, мебельное производство"	"Техническое обслуживание и ремонт лесозаготовительного оборудования"	"Слесарь по ремонту лесозаготовительного оборудования"	"1097н от 22.12.2014"	""	""
"86"	"323"	"23.007"	"Деревообрабатывающая и целлюлозно-бумажная промышленность, мебельное производство"	"Управление меловальной установкой (машиной, станцией)"	"Оператор по обслуживанию меловальной установки, станции"	"1139н от 25.12.2014"	""	""
"87"	"326"	"23.008"	"Деревообрабатывающая и целлюлозно-бумажная промышленность, мебельное производство"	"Ведение технологического процесса получения двуокиси хлора"	"Аппаратчик производства двуокиси хлора"	"1180н от 26.12.2014"	""	""
"88"	"327"	"23.009"	"Деревообрабатывающая и целлюлозно-бумажная промышленность, мебельное производство"	"Управление работой талловой установки"	"Аппаратчик талловой установки"	"1064н от 22.12.2014"	""	""
"89"	"339"	"23.010"	"Деревообрабатывающая и целлюлозно-бумажная промышленность, мебельное производство"	"Управление работой линий в лесопильном производстве"	"Оператор лесопильных линий"	"1084н от 22.12.2014"	""	""
"90"	"340"	"23.011"	"Деревообрабатывающая и целлюлозно-бумажная промышленность, мебельное производство"	"Управление работой сушильных камер для древесины"	"Оператор сушильных камер для древесины"	"1083н от 22.12.2014"	""	""
"91"	"342"	"23.013"	"Деревообрабатывающая и целлюлозно-бумажная промышленность, мебельное производство"	"Управление работой линий облицовывания и механической обработки"	"Оператор линий облицовывания и механической обработки заготовок и деталей из древесных материалов в производстве мебели"	"1079н от 22.12.2014"	""	""
"92"	"343"	"23.014"	"Деревообрабатывающая и целлюлозно-бумажная промышленность, мебельное производство"	"Управление работой линий по отделке деталей и изделий мебели"	"Оператор линий по отделке деталей и изделий мебели и деревообработки"	"1076н от 22.12.2014"	""	""
"93"	"344"	"23.015"	"Деревообрабатывающая и целлюлозно-бумажная промышленность, мебельное производство"	"Управление работой линий по шлифованию и облицовыванию древесных плит"	"Оператор линий по производству шлифованных и облицованных древесныхплит"	"1075н от 22.12.2014"	""	""
"94"	"363"	"23.016"	"Деревообрабатывающая и целлюлозно-бумажная промышленность, мебельное производство"	"Эксплуатационное обслуживание оборудования кислотного цеха производства целлюлозы"	"Кислотчик"	"1136н от 25.12.2014"	""	""
"95"	"365"	"23.018"	"Деревообрабатывающая и целлюлозно-бумажная промышленность, мебельное производство"	"Ведение технологического процесса варки целлюлозы"	"Варщик целлюлозы"	"1181н от 26.12.2014"	""	""
"96"	"366"	"23.019"	"Деревообрабатывающая и целлюлозно-бумажная промышленность, мебельное производство"	"Ведение технологического процесса выпарки щелоков и барды на выпарной установке"	"Выпарщик щелоков"	"1187н от 26.12.2014"	""	""
"97"	"368"	"23.021"	"Деревообрабатывающая и целлюлозно-бумажная промышленность, мебельное производство"	"Изготовление обоев на обоепечатной машине"	"Машинист обоепечатной машины"	"1167н от 26.12.2014"	""	""
"98"	"369"	"23.022"	"Деревообрабатывающая и целлюлозно-бумажная промышленность, мебельное производство"	"Управление работой пергаментной машины"	"Машинист пергаментной машины"	"1171н от 26.12.2014"	""	""
"99"	"370"	"23.023"	"Деревообрабатывающая и целлюлозно-бумажная промышленность, мебельное производство"	"Управление работой печатно-высекального агрегата"	"Машинист печатно-высекального агрегата"	"1147н от 25.12.2014"	""	""
"100"	"371"	"23.024"	"Деревообрабатывающая и целлюлозно-бумажная промышленность, мебельное производство"	"Управление работой пресспата, бумагоделательной и картоноделательной машин"	"Машинист пресспата (сеточник), бумагоделательной икартоноделательноймашин"	"1148н от 25.12.2014"	""	""
"101"	"375"	"23.027"	"Деревообрабатывающая и целлюлозно-бумажная промышленность, мебельное производство"	"Проведение технологического процесса отбелки целлюлозы"	"Отбельщик"	"1162н от 26.12.2014"	""	""
"102"	"377"	"23.029"	"Деревообрабатывающая и целлюлозно-бумажная промышленность, мебельное производство"	"Управление работой оборудования для производства древесной массы изщепы"	"Оператор производства древесной массы из щепы"	"1149н от 25.12.2014"	""	""
"103"	"378"	"23.030"	"Деревообрабатывающая и целлюлозно-бумажная промышленность, мебельное производство"	"Разрезание бумаги, картона и целлюлозы на резательном оборудовании различного типа"	"Резчик бумаги, картона, целлюлозы, гофрокартона"	"1130н от 25.12.2014"	""	""
"104"	"380"	"23.032"	"Деревообрабатывающая и целлюлозно-бумажная промышленность, мебельное производство"	"Управление работой линий на деревоперерабатывающих производствах"	"Оператор линий деревообрабатывающих производств (клееныйщит,клееныйбрус, профильный погонаж)"	"1172н от 26.12.2014"	""	""
"105"	"381"	"23.033"	"Деревообрабатывающая и целлюлозно-бумажная промышленность, мебельное производство"	"Выполнение комплекса работ по подготовке станочного дереворежущего инструмента"	"Заточник по подготовке станочного дереворежущего инструмента длядеревообрабатывающих, мебельных и лесопильных производств"	"1173н от 26.12.2014"	""	""
"106"	"383"	"23.034"	"Деревообрабатывающая и целлюлозно-бумажная промышленность, мебельное производство"	"Изготовление деталей из древесины на оборудовании универсального назначения в деревообработке и производстве мебели"	"Станочник для работы на оборудовании универсального назначения вдеревообработке и производстве мебели"	"1179н от 26.12.2014"	""	""
"107"	"384"	"23.035"	"Деревообрабатывающая и целлюлозно-бумажная промышленность, мебельное производство"	"Обработка заготовок, деталей, изделий из древесины на специализированных, специальных станках и другом специализированном деревообрабатывающем оборудовании"	"Станочник для работы на специализированных, специальных станках и другом специализированном оборудовании в деревообработке и производстве мебели"	"1165н от 26.12.2014"	""	""
"108"	"385"	"23.036"	"Деревообрабатывающая и целлюлозно-бумажная промышленность, мебельное производство"	"Сборка изделий мебели из древесных материалов"	"Сборщик изделий мебели из древесных материалов"	"1183н от 26.12.2014"	""	""
"109"	"389"	"23.038"	"Деревообрабатывающая и целлюлозно-бумажная промышленность, мебельное производство"	"Разработка и выбор технологических процессов механической обработки заготовок и деталей из древесных материалов в производстве мебели"	"Специалист по механической обработке заготовок и деталей из древесных материалов в производстве мебели"	"220н от 07.04.2015"	""	""
"110"	"395"	"23.040"	"Деревообрабатывающая и целлюлозно-бумажная промышленность, мебельное производство"	"Контроль качества изделий и деталей на мебельном производстве"	"Инженер по контролю качества производства мебели"	"1151н от 25.12.2014"	""	""
"111"	"419"	"23.041"	"Деревообрабатывающая и целлюлозно-бумажная промышленность, мебельное производство"	"Управление, разработка и технологическое сопровождение процессов целлюлозно-бумажного производства"	"Инженер-технолог целлюлозно-бумажного производства"	"110н от 24.02.2015"	""	""
"112"	"692"	"23.042"	"Деревообрабатывающая и целлюлозно-бумажная промышленность, мебельное производство"	"Изготовление деталей, узлов и изделий из древесины и древесных материалов различных поверхностей и конструкций с защитно-декоративными покрытиями"	"Отделочник изделий из древесных материалов"	"1038н от 21.12.2015"	""	""
"113"	"693"	"23.043"	"Деревообрабатывающая и целлюлозно-бумажная промышленность, мебельное производство"	"Управление технологическими процессами на деревообрабатывающих и мебельных производствах"	"Специалист-технолог деревообрабатывающих и мебельных производств"	"1050н от 21.12.2015"	""	""
"114"	"694"	"23.044"	"Деревообрабатывающая и целлюлозно-бумажная промышленность, мебельное производство"	"Выполнение работ по обивки мебели"	"Обойщик-набивщик мебельного производства"	"1036н от 21.12.2015"	""	""
"115"	"713"	"23.046"	"Деревообрабатывающая и целлюлозно-бумажная промышленность, мебельное производство"	"Производство различных видов обоев"	"Оператор по производству обоев"	"1091н от 21.12.2015"	""	""
"116"	"728"	"23.050"	"Деревообрабатывающая и целлюлозно-бумажная промышленность, мебельное производство"	"Эксплуатационное обслуживание оборудования установок регенерации сернистой кислоты и выпаривания сульфитных щелоков"	"Оператор регенерации сернистой кислоты и выпаривания сульфитных щелоков"	"1090н от 21.12.2015"	""	""
"117"	"729"	"23.051"	"Деревообрабатывающая и целлюлозно-бумажная промышленность, мебельное производство"	"Изготовление беленой целлюлозы"	"Оператор установок промывки и отбелки целлюлозы"	"1096н от 21.12.2015"	""	""
"118"	"730"	"23.052"	"Деревообрабатывающая и целлюлозно-бумажная промышленность, мебельное производство"	"Управление работой установок массоподготовки в производстве бумаги и картона"	"Оператор установок массоподготовки в производстве бумаги и картона"	"1089н от 21.12.2015"	""	""
"119"	"731"	"23.053"	"Деревообрабатывающая и целлюлозно-бумажная промышленность, мебельное производство"	"Управление оборудованием для роспуска и размола волокнистых материалов при производстве целлюлозы, древесной массы, бумаги и картона"	"Оператор размольного оборудования целлюлозно-бумажного производства"	"1088н от 21.12.2015"	""	""
"120"	"732"	"23.054"	"Деревообрабатывающая и целлюлозно-бумажная промышленность, мебельное производство"	"Изготовление бумаги и картона"	"Оператор бумагоделательных, картоноделательных машин"	"1100н от 21.12.2015"	""	""
"121"	"733"	"23.055"	"Деревообрабатывающая и целлюлозно-бумажная промышленность, мебельное производство"	"Ведение процесса изготовления изделий из бумаги и картона"	"Машинист установок по производству изделий из бумаги и картона"	"1065н от 21.12.2015"	""	""
"122"	"734"	"23.056"	"Деревообрабатывающая и целлюлозно-бумажная промышленность, мебельное производство"	"Управление поточными линиями и установками по производству бумажных мешков и упаковочной продукции"	"Оператор поточных линий и установок по производству бумажных мешков и упаковочной продукции"	"1093н от 21.12.2015"	""	""
"123"	"735"	"23.057"	"Деревообрабатывающая и целлюлозно-бумажная промышленность, мебельное производство"	"Эксплуатация и обслуживание автоматических линий по производству бумажных изделий хозяйственно-бытового и санитарно-гигиенического назначения (ХБ и СГН)"	"Оператор производства бумажных изделий хозяйственно-бытового и санитарно-гигиенического назначения"	"1094н от 21.12.2015"	""	""
"124"	"736"	"23.058"	"Деревообрабатывающая и целлюлозно-бумажная промышленность, мебельное производство"	"Управление установками по получению сульфатного скипидара"	"Оператор установок по производству лесохимических продуктов"	"1092н от 21.12.2015"	""	""
"125"	"739"	"23.059"	"Деревообрабатывающая и целлюлозно-бумажная промышленность, мебельное производство"	"Контроль производства и качества целлюлозно-бумажной продукции"	"Контролер целлюлозно-бумажного производства"	"1035н от 21.12.2015"	""	""
"126"	"252"	"19.001"	"Добыча, переработка, транспортировка нефти и газа"	"Контроль, диагностика, обслуживание и ремонт узлов, механизмов и агрегатов нефтегазоперерабатывающего оборудования"	"Слесарь технологических установок"	"944н от 27.11.2014"	""	""
"127"	"253"	"19.002"	"Добыча, переработка, транспортировка нефти и газа"	"Переработка нефти и газа"	"Специалист по химической переработке нефти и газа"	"926н от 21.11.2014"	""	""
"128"	"254"	"19.003"	"Добыча, переработка, транспортировка нефти и газа"	"Обслуживание и ремонт технологического оборудования организаций переработки нефти и газа"	"Специалист по обслуживанию и ремонту нефтезаводского оборудования"	"927н от 21.11.2014"	""	""
"129"	"255"	"19.004"	"Добыча, переработка, транспортировка нефти и газа"	"Добыча нефти, газа и газового конденсата"	"Оператор по добыче нефти, газа и газового конденсата"	"898н от 18.11.2014"	""	""
"130"	"256"	"19.005"	"Добыча, переработка, транспортировка нефти и газа"	"Технологический контроль и управление процессом бурения нефтяных и газовых скважин"	"Буровой супервайзер в нефтегазовой отрасли"	"942н от 27.11.2014"	""	""
"131"	"349"	"19.007"	"Добыча, переработка, транспортировка нефти и газа"	"Добыча нефти, газа и газового конденсата"	"Специалист по добыче нефти, газа и газового конденсата"	"1124н от 25.12.2014"	""	""
"132"	"396"	"19.008"	"Добыча, переработка, транспортировка нефти и газа"	"Диспетчерско-технологическое управление технологическими объектами нефтегазовой отрасли"	"Специалист по диспетчерско-технологическому управлению нефтегазовой отрасли"	"1185н от 26.12.2014"	""	""
"133"	"404"	"19.009"	"Добыча, переработка, транспортировка нефти и газа"	"Геологическое обеспечение подземного хранения газа"	"Специалист - геолог подземных хранилищ газа"	"1184н от 26.12.2014"	""	""
"134"	"406"	"19.011"	"Добыча, переработка, транспортировка нефти и газа"	"Управление балансами и поставками газа, газового конденсата и продуктов их переработки"	"Специалист по управлению балансами и поставками газа"	"1153н от 25.12.2014"	""	""
"135"	"407"	"19.012"	"Добыча, переработка, транспортировка нефти и газа"	"Оперативно-диспетчерское управление технологическими объектами нефтегазовой отрасли"	"Специалист по оперативно-диспетчерскому управлению нефтегазовой отрасли"	"1177н от 26.12.2014"	""	""
"136"	"408"	"19.013"	"Добыча, переработка, транспортировка нефти и газа"	"Эксплуатация газотранспортного оборудования"	"Специалист по эксплуатации газотранспортного оборудования"	"1175н от 26.12.2014"	""	""
"137"	"411"	"19.014"	"Добыча, переработка, транспортировка нефти и газа"	"Технологическое сопровождение подземного хранения газа"	"Специалист-технолог подземных хранилищ газа"	"1169н от 26.12.2014"	""	""
"138"	"412"	"19.015"	"Добыча, переработка, транспортировка нефти и газа"	"Эксплуатация оборудования подземных хранилищ газа"	"Специалист по эксплуатации оборудования подземных хранилищ газа"	"1163н от 26.12.2014"	""	""
"139"	"413"	"19.016"	"Добыча, переработка, транспортировка нефти и газа"	"Диагностирование объектов линейной части магистральных газопроводов"	"Специалист по диагностике линейной части магистральных газопроводов"	"1161н от 26.12.2014"	""	""
"140"	"414"	"19.017"	"Добыча, переработка, транспортировка нефти и газа"	"Капитальный ремонт скважин для добычи нефти, газа и газового конденсата"	"Бурильщик капитального ремонта скважин"	"153н от 10.03.2015"	""	""
"141"	"415"	"19.018"	"Добыча, переработка, транспортировка нефти и газа"	"Обеспечение эффективной работы нефтебазы"	"Руководитель нефтебазы"	"109н от 24.02.2015"	""	""
"142"	"416"	"19.019"	"Добыча, переработка, транспортировка нефти и газа"	"Ведение технологического процесса обезвоживания, обессоливания и стабилизации нефти"	"Оператор обезвоживающей и обессоливающей установок"	"154н от 10.03.2015"	""	""
"143"	"420"	"19.020"	"Добыча, переработка, транспортировка нефти и газа"	"Обслуживание нагнетательных скважин, распределительных устройств и водоводов"	"Оператор по поддержанию пластового давления"	"149н от 10.03.2015"	""	""
"144"	"421"	"19.021"	"Добыча, переработка, транспортировка нефти и газа"	"Геолого-промысловая поддержка добычи нефти и газа"	"Специалист по промысловой геологии"	"151н от 10.03.2015"	""	""
"145"	"424"	"19.022"	"Добыча, переработка, транспортировка нефти и газа"	"Управление технологическими процессами приема, хранения и отгрузки нефти и нефтепродуктов"	"Специалист по приему, хранению и отгрузке нефти и нефтепродуктов"	"172н от 19.03.2015"	""	""
"146"	"427"	"19.023"	"Добыча, переработка, транспортировка нефти и газа"	"Подсчет и управление запасами углеводородов"	"Специалист по подсчету и управлению запасами углеводородов"	"160н от 12.03.2015"	""	""
"147"	"428"	"19.024"	"Добыча, переработка, транспортировка нефти и газа"	"Контроль качества нефти и продуктов ее переработки на нефтебазе"	"Специалист по контролю качества нефти и нефтепродуктов"	"157н от 12.03.2015"	""	""
"148"	"431"	"19.025"	"Добыча, переработка, транспортировка нефти и газа"	"Обслуживание оборудования при приеме, хранении, отпуске нефти и нефтепродуктов"	"Оператор товарный"	"182н от 23.03.2015"	""	""
"149"	"436"	"19.026"	"Добыча, переработка, транспортировка нефти и газа"	"Контроль технического состояния, техническое диагностирование объектов и сооружений нефтегазового комплекса"	"Специалист по техническому контролю и диагностированию объектов и сооружений нефтегазового комплекса"	"156н от 10.03.2015"	""	""
"150"	"487"	"19.027"	"Добыча, переработка, транспортировка нефти и газа"	"Переработка нефти и газа"	"Оператор технологических установок нефтегазовой отрасли"	"427н от 06.07.2015"	""	""
"151"	"491"	"19.028"	"Добыча, переработка, транспортировка нефти и газа"	"Текущий подземный ремонт скважин для добычи нефти, газа и газового конденсата"	"Оператор по подземному ремонту скважин"	"303н от 19.05.2015"	""	""
"152"	"702"	"19.029"	"Добыча, переработка, транспортировка нефти и газа"	"Эксплуатация газораспределительных станций"	"Специалист по эксплуатации газораспределительных станций"	"1053н от 21.12.2015"	""	""
"153"	"705"	"19.030"	"Добыча, переработка, транспортировка нефти и газа"	"Эксплуатация газотранспортного оборудования"	"Работник по эксплуатации газотранспортного оборудования"	"1063н от 21.12.2015"	""	""
"154"	"707"	"19.031"	"Добыча, переработка, транспортировка нефти и газа"	"Эксплуатация магистральных газопроводов"	"Работник по эксплуатации магистральных газопроводов"	"1057н от 21.12.2015"	""	""
"155"	"800"	"19.032"	"Добыча, переработка, транспортировка нефти и газа"	"Диагностирование газотранспортного оборудования"	"Специалист по диагностике газотранспортного оборудования"	"1125н от 24.12.2015"	""	""
"156"	"827"	"19.037"	"Добыча, переработка, транспортировка нефти и газа"	"Защита от коррозии внутренних поверхностей оборудования"	"Специалист по защите от коррозии внутренних поверхностей оборудования нефтегазового комплекса"	"1166н от 28.12.2015"	""	""
"157"	"647"	"02.003"	"Здравоохранение"	"Деятельность младшего медицинского персонала"	"Младший медицинский персонал"	"2н от 12.01.2016"	""	""
"158"	"813"	"02.006"	"Здравоохранение"	"Организация и ведение фармацевтической деятельности в сфере обращения лекарственных средств"	"Провизор"	"91н от 09.03.2018"	""	""
"159"	"143"	"04.001"	"Культура, искусство"	"Организация кинопроизводства"	"Продюсер в области кинематографии"	"610н от 08.09.2014"	""	""
"160"	"145"	"04.002"	"Культура, искусство"	"Художественная деятельность"	"Специалист по техническим процессам художественной деятельности"	"611н от 08.09.2014"	""	""
"161"	"162"	"04.005"	"Культура, искусство"	"Экскурсионная деятельность"	"Экскурсовод (гид)"	"539н от 04.08.2014"	""	""
"162"	"273"	"21.002"	"Легкая и текстильная промышленность"	"Дизайн детской одежды и обуви"	"Дизайнер детской одежды и обуви"	"974н от 04.12.2014"	""	""
"163"	"533"	"14.001"	"Лесное хозяйство, охота"	"Обучение и руководство персоналом авиапожарной службы при выполнении работ по тушению лесных пожаров и десантировании работников авиапожарной службы и грузов с воздуха к местам выполнения работ"	"Инструктор парашютной и десантно-пожарной службы"	"670н от 30.09.2015"	""	""
"164"	"534"	"14.002"	"Лесное хозяйство, охота"	"Лесозаготовительные работы"	"Вальщик леса"	"609н от 08.09.2015"	""	""
"165"	"745"	"14.003"	"Лесное хозяйство, охота"	"Обработка и переработка древесного сырья на лесообрабатывающем оборудовании"	"Станочник лесообрабатывающего оборудования"	"1078н от 21.12.2015"	""	""
"166"	"746"	"14.004"	"Лесное хозяйство, охота"	"Выработка круглых лесоматериалов"	"Оператор раскряжевочно-сортировочной линии"	"1102н от 21.12.2015"	""	""
"167"	"748"	"14.006"	"Лесное хозяйство, охота"	"Погрузка-штабелевка лесных грузов"	"Машинист лесопогрузчика"	"1064н от 21.12.2015"	""	""
"168"	"277"	"27.001"	"Металлургическое производство"	"Разливка стали в изложницы и на машине непрерывного литья заготовок"	"Разливщик стали"	"1015н от 11.12.2014"	""	""
"169"	"279"	"27.002"	"Металлургическое производство"	"Сборка и перевалка клетей (валков) на прокатных станах, профилегибочных агрегатах и роликовых правильных машинах"	"Вальцовщик по сборке и перевалке клетей"	"1013н от 11.12.2014"	""	""
"170"	"280"	"27.003"	"Металлургическое производство"	"Производство листового стального проката на станах холодной прокатки"	"Вальцовщик стана холодной прокатки"	"1009н от 11.12.2014"	""	""
"171"	"281"	"27.004"	"Металлургическое производство"	"Производство проката на станах горячей прокатки"	"Вальцовщик стана горячей прокатки"	"1012н от 11.12.2014"	""	""
"172"	"282"	"27.005"	"Металлургическое производство"	"Управление процессом получения листового проката на станах холодной прокатки"	"Оператор поста управления стана холодной прокатки"	"1074н от 22.12.2014"	""	""
"173"	"283"	"27.006"	"Металлургическое производство"	"Управление технологическим процессом горячей прокатки"	"Оператор поста управления стана горячей прокатки"	"1016н от 11.12.2014"	""	""
"174"	"284"	"27.008"	"Металлургическое производство"	"Выполнение работ на литейном дворе доменной печи по выпуску чугуна и шлака"	"Горновой доменной печи"	"1089н от 22.12.2014"	""	""
"175"	"285"	"27.008"	"Металлургическое производство"	"Управление загрузкой доменной печи шихтовыми материалами"	"Машинист шихтоподачи"	"1060н от 22.12.2014"	""	""
"176"	"288"	"27.009"	"Металлургическое производство"	"Обеспечение работы системы охлаждения доменной печи"	"Водопроводчик доменной печи"	"1043н от 15.12.2014"	""	""
"177"	"289"	"27.010"	"Металлургическое производство"	"Резка металла в холодном состоянии"	"Резчик холодного металла"	"1024н от 11.12.2014"	""	""
"178"	"295"	"27.011"	"Металлургическое производство"	"Управление технологическим процессом доменной плавки"	"Газовщик доменной печи"	"1022н от 11.12.2014"	""	""
"179"	"297"	"27.012"	"Металлургическое производство"	"Термическая обработка проката и труб"	"Термист проката и труб"	"1014н от 11.12.2014"	""	""
"180"	"300"	"27.013"	"Металлургическое производство"	"Управление машиной непрерывной разливки стали"	"Оператор машины непрерывного литья заготовок"	"1020н от 11.12.2014"	""	""
"181"	"301"	"27.014"	"Металлургическое производство"	"Производство труб и профилей на станах холодного проката"	"Вальцовщик стана холодного проката труб"	"1021н от 11.12.2014"	""	""
"182"	"302"	"27.015"	"Металлургическое производство"	"Производство труб и профилей на станах горячего проката"	"Вальцовщик стана горячего проката труб"	"1019н от 11.12.2014"	""	""
"183"	"303"	"27.016"	"Металлургическое производство"	"Обработка стали на установках внепечной обработки"	"Сталевар установки внепечной обработки стали"	"1006н от 11.12.2014"	""	""
"184"	"304"	"27.017"	"Металлургическое производство"	"Производство стали в конвертере"	"Сталевар конвертера"	"1023н от 11.12.2014"	""	""
"185"	"305"	"27.018"	"Металлургическое производство"	"Обеспечение режима обогрева коксовых печей"	"Газовщик коксовых печей"	"1005н от 11.12.2014"	""	""
"186"	"306"	"27.019"	"Металлургическое производство"	"Спекание железорудного сырья на агломерационных машинах"	"Агломератчик"	"1018н от 11.12.2014"	""	""
"187"	"308"	"27.020"	"Металлургическое производство"	"Выплавка стали в электропечах"	"Сталевар электропечи"	"1007н от 11.12.2014"	""	""
"188"	"620"	"27.021"	"Металлургическое производство"	"Управление коксовыми машинами"	"Машинист коксовых машин"	"918н от 01.12.2015"	""	""
"189"	"621"	"27.022"	"Металлургическое производство"	"Ведение технологического процесса сухого тушения кокса"	"Машинист установки сухого тушения кокса"	"995н от 03.12.2015"	""	""
"190"	"622"	"27.023"	"Металлургическое производство"	"Дозирование компонентов агломерационной шихты"	"Дозировщик агломерационной шихты"	"922н от 01.12.2015"	""	""
"191"	"623"	"27.024"	"Металлургическое производство"	"Резка горячего металла на станах горячей прокатки"	"Резчик горячего металла"	"915н от 01.12.2015"	""	""
"192"	"624"	"27.025"	"Металлургическое производство"	"Волочение металлопроката, проволоки и труб из черных и цветных металлов"	"Волочильщик"	"909н от 01.12.2015"	""	""
"193"	"626"	"27.027"	"Металлургическое производство"	"Плакирование полимерными материалами поверхности металла"	"Плакировщик полимерных материалов на металл"	"999н от 03.12.2015"	""	""
"194"	"627"	"27.028"	"Металлургическое производство"	"Ведение процесса отделки железнодорожных рельсов на автоматизированных поточных линиях"	"Оператор линии отделки рельсов"	"994н от 03.12.2015"	""	""
"195"	"628"	"27.029"	"Металлургическое производство"	"Резка стальных труб, заготовок и сборка резьбовых соединений"	"Резчик труб и заготовок"	"1000н от 03.12.2015"	""	""
"196"	"629"	"27.030"	"Металлургическое производство"	"Выплавка ферросплавов"	"Плавильщик ферросплавов"	"961н от 03.12.2014"	""	""
"197"	"630"	"27.031"	"Металлургическое производство"	"Производство кокса"	"Специалист по производству кокса"	"978н от 03.12.2015"	""	""
"198"	"631"	"27.032"	"Металлургическое производство"	"Организация технологических процессов производства железорудного агломерата"	"Специалист по производству агломерата"	"984н от 03.12.2015"	""	""
"199"	"632"	"27.033"	"Металлургическое производство"	"Организация производства чугуна"	"Специалист по производству чугуна"	"928н от 01.12.2015"	""	""
"200"	"633"	"27.034"	"Металлургическое производство"	"Организация производство стали кислородно-конвертерным способом"	"Специалист по кислородно-конвертерному производству стали"	"960н от 02.12.2015"	""	""
"201"	"634"	"27.035"	"Металлургическое производство"	"Организация производства горячекатаного проката"	"Специалист по производству горячекатаного проката"	"947н от 02.12.2015"	""	""
"202"	"635"	"27.036"	"Металлургическое производство"	"Организация производства холоднокатаного листа"	"Специалист по производству холоднокатаного листа"	"948н от 02.12.2015"	""	""
"203"	"636"	"27.037"	"Металлургическое производство"	"Шихтоподготовка в цветной металлургии"	"Шихтовщик"	"946н от 02.12.2015"	""	""
"204"	"637"	"27.038"	"Металлургическое производство"	"Конвертирование медных и медно-никелевых штейнов"	"Конвертерщик"	"945н от 02.12.2015"	""	""
"205"	"638"	"27.039"	"Металлургическое производство"	"Ведение процесса вельцевания полиметаллических промпродуктов и отходов металлургического производства"	"Печевой на вельцпечах"	"949н от 02.12.2015"	""	""
"206"	"639"	"27.040"	"Металлургическое производство"	"Ведение процесса плавки руд, рудных концентратов, промпродуктов и оборотов цветных металлов и сплавов"	"Плавильщик цветных металлов и сплавов"	"985н от 03.12.2015"	""	""
"207"	"640"	"27.041"	"Металлургическое производство"	"Ведение процесса чистки металлоизделий, производимых из цветных металлов и сплавов"	"Чистильщик в металлургии"	"917н от 01.12.2015"	""	""
"208"	"641"	"27.042"	"Металлургическое производство"	"Ведение гидрометаллургических процессов в производстве тяжелых цветных металлов"	"Аппаратчик-гидрометаллург производства тяжелых цветных металлов"	"967н от 03.12.2015"	""	""
"209"	"642"	"27.043"	"Металлургическое производство"	"Производство катодных основ методом электролиза в водных растворах"	"Катодчик"	"987н от 03.12.2015"	""	""
"210"	"643"	"27.044"	"Металлургическое производство"	"Производство цветных металлов методом электролиза в водных растворах"	"Электролизник водных растворов"	"986н от 03.12.2015"	""	""
"211"	"644"	"27.045"	"Металлургическое производство"	"Прессование изделий из металлов, сплавов и металлических порошков"	"Прессовщик металлов и сплавов"	"988н от 03.12.2015"	""	""
"212"	"646"	"27.047"	"Металлургическое производство"	"Пироометаллургическое производство тяжелых цветных металлов"	"Специалист по пирометаллургическому производству тяжелых цветных металлов"	"983н от 03.12.2015"	""	""
"213"	"648"	"27.048"	"Металлургическое производство"	"Ведение технологического процесса разливки чугуна и ферросплавов"	"Машинист разливочной машины"	"926н от 01.12.2015"	""	""
"214"	"649"	"27.049"	"Металлургическое производство"	"Ведение технологического процесса десульфурации чугуна"	"Горновой десульфурации чугуна"	"924н от 01.12.2015"	""	""
"215"	"650"	"27.050"	"Металлургическое производство"	"Ведение технологического процесса грануляции доменного шлака"	"Грануляторщик доменного шлака"	"923н от 01.12.2015"	""	""
"216"	"651"	"27.051"	"Металлургическое производство"	"Управление процессом выплавки стали в конвертере"	"Машинист дистрибутора"	"927н от 01.12.2015"	""	""
"217"	"652"	"27.052"	"Металлургическое производство"	"Обработка поверхностных пороков металла"	"Обработчик поверхностных пороков металла"	"923н от 01.12.2015"	""	""
"218"	"653"	"27.053"	"Металлургическое производство"	"Ведение технологического процесса производства металлических профилей на профилегибочных агрегатах"	"Вальцовщик профилегибочного агрегата"	"962н от 03.12.2015"	""	""
"219"	"655"	"27.055"	"Металлургическое производство"	"Организация технологических процессов производства холоднокатаных, холоднодеформированных, холоднотянутых бесшовных стальных труб"	"Специалист по производству холоднокатаных труб"	"951н от 02.12.2015"	""	""
"220"	"656"	"27.056"	"Металлургическое производство"	"Организация технологических процессов производства горячекатаных труб"	"Специалист по производству горячекатаных труб"	"911н от 01.12.2015"	""	""
"221"	"659"	"27.057"	"Металлургическое производство"	"Организация производства стали в электросталеплавильных цехах"	"Специалист по электросталеплавильному производству"	"980н от 03.12.2015"	""	""
"222"	"469"	"12.002"	"Обеспечение безопасности"	"Прием и обработка экстренных вызовов (сообщений о происшествиях), поступающих в центр обработки экстренных вызовов"	"Специалист по приему и обработке экстренных вызовов"	"618н от 09.09.2015"	""	""
"223"	"683"	"12.003"	"Обеспечение безопасности"	"Обеспечение охраны образовательных организаций"	"Работник по обеспечению охраны образовательных организаций"	"1010н от 11.12.2015"	""	""
"224"	"513"	"01.003"	"Образование и наука"	"Педагогическая деятельность в дополнительном образовании детей и взрослых"	"Педагог дополнительного образования детей и взрослых"	"316н от 08.09.2015"	""	""
"225"	"514"	"01.004"	"Образование и наука"	"Педагогическая деятельность в профессиональном обучении, профессиональном образовании, дополнительном профессиональном образовании"	"Педагог профессионального обучения, профессионального образования идополнительного профессионального образования"	"608н от 08.09.2015"	""	""
"226"	"251"	"22.001"	"Пищевая промышленность, включая производство напитков и табака"	"Управление работой тепловых и холодильных установок при термической обработке пищевых продуктов"	"Оператор тепловых/холодильных установок"	"1127н от 25.12.2014"	""	""
"227"	"496"	"28.001"	"Производство машин и оборудования"	"Проектирование технологических комплексов механосборочных производств"	"Специалист по проектированию технологических комплексов механосборочных производств"	"376н от 14.06.2015"	""	""
"228"	"547"	"28.002"	"Производство машин и оборудования"	"Контроллинг"	"Специалист по контроллингу машиностроительных организаций"	"595н от 07.09.2015"	""	""
"229"	"550"	"28.003"	"Производство машин и оборудования"	"Автоматизация и механизация технологических процессов машиностроения"	"Специалист по автоматизации и механизации технологических процессов механосборочного производства"	"606н от 08.09.2015"	""	""
"230"	"758"	"28.004"	"Производство машин и оборудования"	"Проектно-конструкторские работы по изготовлению изделий (комплексов оборудования) для обезвреживания отходов"	"Инженер-проектировщик установок для утилизации и обезвреживания медицинских и биологических отходов"	"1148н от 24.12.2015"	""	""
"231"	"804"	"28.005"	"Производство машин и оборудования"	"Производство часов бытового и специального назначения"	"Работник часового производства"	"1158н от 28.12.2015"	""	""
"232"	"543"	"29.002"	"Производств электрооборудования, электронного и оптического оборудования"	"Техническое обеспечение технологии производства полупроводниковых элементов, приборов, включая фоточувствительные и оптоэлектронные"	"Специалист технического обеспечения технологических процессов производства приборов квантовой электроники и фотоники"	"598н от 07.09.2015"	""	""
"233"	"538"	"29.001"	"Производств электрооборудования, электронного и оптического оборудования"	"Проектирование и обслуживание чистых производственных помещений для микро- и наноэлектронных производств"	"Специалист по проектированию и обслуживанию чистых производственных помещений для микро- и наноэлектронных производств"	"599н от 07.09.2015"	""	""
"234"	"744"	"29.003"	"Производств электрооборудования, электронного и оптического оборудования"	"Проектирование детской и образовательной робототехники"	"Специалист по проектированию детской и образовательной робототехники"	"3н от 14.01.2016"	""	""
"235"	"762"	"29.004"	"Производств электрооборудования, электронного и оптического оборудования"	"Исследование, разработка, подготовка и организация производства изделий оптотехники, оптических и оптико-электронных приборов и комплексов"	"Специалист в области проектирования и сопровождения производства оптотехники, оптических и оптико-электронных приборов и комплексов"	"1141н от 24.12.2015"	""	""
"236"	"25"	"25.004"	"Ракетно-космическая промышленность"	"Менеджмент космических продуктов, услуг и технологий"	"Специалист по менеджменту космических продуктов, услуг и технологий"	"74н от 03.02.2014"	""	""
"237"	"286"	"25.015"	"Ракетно-космическая промышленность"	"Разработка системы управления полетами ракет-носителей (РН) и космических аппаратов (КА)"	"Специалист по разработке системы управления полетами ракет-носителей и космических аппаратов"	"1066н от 22.12.2014"	""	""
"238"	"58"	"25.006"	"Ракетно-космическая промышленность"	"Организация работ по обеспечению надежности пилотируемых космических кораблей и станций"	"Специалист по надежности пилотируемых космических кораблей и станций"	"205н от 07.04.2014"	""	""
"239"	"194"	"25.013"	"Ракетно-космическая промышленность"	"Организация работ по обеспечению надежности ракетно-космической техники"	"Специалист по надежности ракетно-космической техники"	"669н от 30.09.2014"	""	""
"240"	"211"	"25.014"	"Ракетно-космическая промышленность"	"Дефектация изделий ракетной и космической техники"	"Специалист по дефектации изделий ракетной и космической техники"	"681н от 09.10.2014"	""	""
"241"	"480"	"25.017"	"Ракетно-космическая промышленность"	"Создание космических продуктов и оказание космических услуг на основе использования данных дистанционного зондирования Земли из космоса"	"Специалист по оказанию космических услуг на основе использования данных дистанционного зондирования Земли из космоса"	"329н от 29.05.2015"	""	""
"242"	"481"	"25.018"	"Ракетно-космическая промышленность"	"Создание космических продуктов и оказание космических услуг на основе использования глобальных навигационных спутниковых систем (ГНСС)"	"Специалист по оказанию космических услуг на основе использования глобальных навигационных спутниковых систем"	"290н от 13.05.2015"	""	""
"243"	"575"	"25.022"	"Ракетно-космическая промышленность"	"Проектирование и конструирование разгонных блоков транспортных систем средств выведения ракетно-космических комплексов"	"Специалист по проектированию разгонных блоков транспортных систем в ракетно-космической промышленности"	"770н от 23.10.2015"	""	""
"244"	"579"	"25.024"	"Ракетно-космическая промышленность"	"Технологическое обеспечение автоматизированных электромонтажных работ в ракетно-космической промышленности"	"Специалист по автоматизации электромонтажных работ вракетнокосмической промышленности"	"771н от 23.10.2015"	""	""
"245"	"580"	"25.025"	"Ракетно-космическая промышленность"	"Сборка изделий и их составных частей вракетно-космической промышленности"	"Слесарь-сборщик ракетно-космической техники"	"789н от 28.10.2015"	""	""
"246"	"582"	"25.026"	"Ракетно-космическая промышленность"	"Технологическое обеспечение сборки датчиковой аппаратуры в ракетно-космической промышленности"	"Специалист по сборке датчиковой аппаратуры в ракетно-космической промышленности"	"786н от 28.10.2015"	""	""
"247"	"591"	"25.027"	"Ракетно-космическая промышленность"	"Разработка аппаратуры бортовых космических систем (БКС)"	"Специалист по разработке аппаратуры бортовых космических систем"	"973н от 03.12.2015"	""	""
"248"	"59"	"25.007"	"Ракетно-космическая промышленность"	"Осуществление ведомственной приемки в ракетно-космической промышленности"	"Специалист-эксперт ведомственной приемки в ракетно-космической промышленности"	"195н от 07.04.2014"	""	""
"249"	"5"	"25.001"	"Ракетно-космическая промышленность"	"Проектирование и конструирование космических аппаратов, космических систем и их составных частей"	"Специалист по проектированию и конструированию космических аппаратов и систем"	"702н от 28.11.2013"	""	""
"250"	"609"	"25.028"	"Ракетно-космическая промышленность"	"Технологическое обеспечение производства ракетно-космической техники (РКТ) в ракетно-космической промышленности (РКП)"	"Инженер-технолог по сборочному производству в ракетно-космической промышленности"	"997н от 03.12.2015"	""	""
"251"	"610"	"25.029"	"Ракетно-космическая промышленность"	"Разработка, изготовление и сопровождение радиотехнических систем и радиоэлектронных средств"	"Радиоинженер в ракетно-космической промышленности"	"971н от 03.12.2015"	""	""
"252"	"611"	"25.030"	"Ракетно-космическая промышленность"	"Проектирование и разработка наземных автоматизированных систем управления (АСУ) космическими аппаратами (КА)"	"Специалист по проектированию и разработке наземных автоматизированных систем управления космическими аппаратами"	"972н от 03.12.2015"	""	""
"253"	"613"	"25.032"	"Ракетно-космическая промышленность"	"Создание, модификация и сопровождение информационных систем (ИС), автоматизирующих процессы конструкторско-технологической подготовки производства (КТПП) ракетно-космической промышленности (РКП)"	"Специалист по автоматизированному управлению жизненным циклом продукции в ракетно-космической промышленности"	"969н от 03.12.2015"	""	""
"254"	"614"	"25.033"	"Ракетно-космическая промышленность"	"Разработка и создание квантово-оптических систем для решения задач навигации, связи и контроля космического пространства и анализ эффективности их решения"	"Специалист по разработке и созданию квантово-оптических систем для решения задач навигации, связи и контроля космического пространства"	"956н от 02.12.2015"	""	""
"255"	"615"	"25.034"	"Ракетно-космическая промышленность"	"Проектирование антенно-фидерных устройств космических аппаратов"	"Специалист по проектированию антенно-фидерных устройств космических аппаратов"	"958н от 02.12.2015"	""	""
"256"	"616"	"25.035"	"Ракетно-космическая промышленность"	"Разработка специальных покрытий и технологий их изготовления методами осаждения в вакууме для внешних поверхностей космических аппаратов (КА)"	"Специалист по разработке специальных покрытий и технологий их изготовления методами осаждения в вакууме для внешних поверхностей космических аппаратов"	"957н от 02.12.2015"	""	""
"257"	"617"	"25.036"	"Ракетно-космическая промышленность"	"Создание и эксплуатация электронных средств и электронных систем бортовых комплексов управления (БКУ)"	"Специалист по электронике бортовых комплексов управления"	"979н от 03.12.2015"	""	""
"258"	"618"	"25.037"	"Ракетно-космическая промышленность"	"Управление проектами и программами в ракетно-космической промышленности (РКП)"	"Специалист по управлению проектами и программами в ракетно-космической промышленности"	"970н от 03.12.2015"	""	""
"259"	"660"	"25.038"	"Ракетно-космическая промышленность"	"Разработка электронного, электромеханического, электрокоммутационного и электронно-информационного оборудования ракетно-космической техники (РКТ)"	"Инженер-конструктор по электрике в ракетно-космической промышленности"	"925н от 01.12.2015"	""	""
"260"	"661"	"25.039"	"Ракетно-космическая промышленность"	"Проведение расчетной и экспериментальной отработки динамики и прочности конструкций изделий ракетно-космической техники (РКТ)"	"Инженер-конструктор по динамике и прочности машин в ракетно-космической промышленности"	"919н от 01.12.2015"	""	""
"261"	"662"	"25.040"	"Ракетно-космическая промышленность"	"Проектирование и эксплуатация информационных систем в ракетно-космической промышленности (РКП)"	"Инженер по автоматизированным системам управления производством в ракетно-космической промышленности"	"965н от 03.12.2015"	""	""
"262"	"663"	"25.041"	"Ракетно-космическая промышленность"	"Организация и проведение научно-исследовательских, проектных и экспериментальных исследований в области теплофизики при проектировании изделий ракетно-космической техники (РКТ)"	"Инженер-конструктор по теплофизике в ракетно-космической промышленности"	"963н от 03.12.2015"	""	""
"263"	"668"	"25.042"	"Ракетно-космическая промышленность"	"Разработка автоматизированных систем управления космического аппарата (КА)"	"Инженер-конструктор по динамике полета и управлению летательным аппаратом в ракетно-космической промышленности"	"964н от 03.12.2015"	""	""
"264"	"675"	"25.043"	"Ракетно-космическая промышленность"	"Технологическое обеспечение процесса сборки и монтажа приборов и кабелей в ракетно-космической промышленности (РКП)"	"Инженер-технолог по сборке и монтажу приборов и кабелей в ракетно-космической промышленности"	"620н от 01.12.2015"	""	""
"265"	"678"	"25.044"	"Ракетно-космическая промышленность"	"Деятельность по обеспечению актуальной и достоверной информацией социально-экономического, экологического, географического характера"	"Специалист по применению геоинформационных систем и технологий для решения задач государственного и муниципального уровня"	"921н от 01.12.2015"	""	""
"266"	"691"	"25.045"	"Ракетно-космическая промышленность"	"Создание ракет-носителей, разгонных блоков, ракет космического назначения"	"Инженер-конструктор по ракетостроению"	"939н от 02.12.2015"	""	""
"267"	"669"	"15.019"	"Рыбоводство и рыболовство"	"Ихтиопатологический контроль состояния здоровья, качества и безопасности водных биологических ресурсов"	"Ихтиопатолог"	"1006н от 09.12.2015"	""	""
"268"	"135"	"15.007"	"Рыбоводство и рыболовство"	"Промысловые работы на рыболовном судне"	"Мастер по добыче рыбы"	"608н от 08.09.2014"	""	""
"269"	"293"	"15.011"	"Рыбоводство и рыболовство"	"Обработка рыбы и морепродуктов"	"Обработчик рыбы и морепродуктов"	"1091н от 22.12.2014"	""	""
"270"	"310"	"15.012"	"Рыбоводство и рыболовство"	"Ведение, контроль и управление процессом производства полуфабрикатов и кулинарных изделий из рыбы и морепродуктов"	"Оператор линии по производству полуфабрикатов и кулинарных изделий из рыбы и морепродуктов"	"1067н от 22.12.2014"	""	""
"271"	"311"	"15.013"	"Рыбоводство и рыболовство"	"Эксплуатация рыбопромысловых машин и лебедок различных систем в прибрежном рыболовстве"	"Оператор рыбопромысловых машин"	"1086н от 22.12.2014"	""	""
"272"	"320"	"15.014"	"Рыбоводство и рыболовство"	"Ведение технологических и вспомогательных операций при копчении холодным и горячим способом в коптильных установках (камерах) периодического и непрерывного действия"	"Оператор коптильной установки"	"1088н от 22.12.2014"	""	""
"273"	"328"	"15.015"	"Рыбоводство и рыболовство"	"Ведение и разработка технологических процессов по переработке рыбы и морепродуктов"	"Технолог по переработке рыбы и морепродуктов"	"1135н от 25.12.2014"	""	""
"274"	"453"	"15.016"	"Рыбоводство и рыболовство"	"Промысловые и палубные работы на рыболовном судне"	"Матрос на судах рыбопромыслового флота"	"188н от 23.03.2015"	""	""
"275"	"472"	"15.017"	"Рыбоводство и рыболовство"	"Проектирование и эксплуатация технических средств аквакультуры"	"Специалист по техническим средствам аквакультуры"	"244н от 23.04.2015"	""	""
"276"	"561"	"15.018"	"Рыбоводство и рыболовство"	"Промышленное рыболовство"	"Капитан судна рыбопромыслового флота"	"727н от 19.10.2015"	""	""
"277"	"670"	"15.020"	"Рыбоводство и рыболовство"	"Контроль производства и управление качеством продукции из рыбы и морепродуктов, разработка программ производственного контроля"	"Специалист по контролю качества производства продукции из рыбы и морепродуктов"	"670н от 02.12.2015"	""	""
"278"	"671"	"15.021"	"Рыбоводство и рыболовство"	"Организация и проведение исследований объектов технологического процесса переработки рыбы и морепродуктов"	"Химик-технолог, лаборант по переработке рыбы и морепродуктов"	"950н от 02.12.2015"	""	""
"279"	"153"	"06.015"	"Связь, информационные и коммуникационные технологии"	"Создание и поддержка информационных систем (ИС) в экономике"	"Специалист по информационным системам"	"896н от 18.11.2014"	""	""
"280"	"106"	"06.006"	"Связь, информационные и коммуникационные технологии"	"Эксплуатация и развитие систем радиосвязи и телекоммуникационных систем"	"Специалист по радиосвязи и телекоммуникациям"	"318н от 19.05.2014"	""	""
"281"	"114"	"06.010"	"Связь, информационные и коммуникационные технологии"	"Техническая поддержка пользователей услугами связи и телекоммуникаций"	"Инженер технической поддержки в области связи (телекоммуникаций)"	"317н от 19.05.2014"	""	""
"282"	"146"	"06.011"	"Связь, информационные и коммуникационные технологии"	"Поддержание эффективной работы баз данных, обеспечивающих функционирование информационных систем в организации"	"Администратор баз данных"	"647н от 17.09.2014"	""	""
"283"	"147"	"06.012"	"Связь, информационные и коммуникационные технологии"	"Предпринимательская деятельность в области информационных технологий"	"Менеджер продуктов в области информационных технологий"	"915н от 20.11.2014"	""	""
"284"	"149"	"06.014"	"Связь, информационные и коммуникационные технологии"	"Информационные технологии в экономике и государственном управлении"	"Менеджер по информационным технологиям"	"716н от 13.10.2014"	""	""
"285"	"154"	"06.016"	"Связь, информационные и коммуникационные технологии"	"Менеджмент проектов в области информационных технологий (ИТ)"	"Руководитель проектов в области информационных технологий"	"893н от 18.11.2014"	""	""
"286"	"190"	"06.017"	"Связь, информационные и коммуникационные технологии"	"Руководство разработкой программного обеспечения"	"Руководитель разработки программного обеспечения"	"645н от 17.09.2014"	""	""
"287"	"195"	"06.018"	"Связь, информационные и коммуникационные технологии"	"Построение, эксплуатация и развитие телекоммуникационных сетей"	"Инженер связи (телекоммуникаций)"	"866н от 31.10.2014"	""	""
"288"	"197"	"06.019"	"Связь, информационные и коммуникационные технологии"	"Разработка технической документации и методического обеспечения продукции в сфере информационных технологий (ИТ)"	"Технический писатель (специалистпотехническойдокументациивобласти информационных технологий)"	"612н от 08.09.2014"	""	""
"289"	"206"	"06.020"	"Связь, информационные и коммуникационные технологии"	"Монтаж и эксплуатационно-техническое обслуживание линейно-кабельных сетей в соответствии с установленными техническими нормами"	"Кабельщик-спайщик"	"688н от 10.10.2014"	""	""
"290"	"233"	"06.022"	"Связь, информационные и коммуникационные технологии"	"Проектно-исследовательская деятельность в области информационных технологий"	"Системный аналитик"	"809н от 28.10.2014"	""	""
"291"	"462"	"06.023"	"Связь, информационные и коммуникационные технологии"	"Деятельность в области электро- и радиосвязи"	"Оператор связи"	"275н от 06.05.2015"	""	""
"292"	"562"	"06.024"	"Связь, информационные и коммуникационные технологии"	"Техническая поддержка клиентов при установке и эксплуатации информационно-коммуникационных (инфокоммуникационных) систем и/или их составляющих"	"Специалист по технической поддержке информационно-коммуникационных систем"	"688н от 05.10.2015"	""	""
"293"	"563"	"06.025"	"Связь, информационные и коммуникационные технологии"	"Разработка дизайна графических и пользовательских интерфейсов"	"Специалист по дизайну графических и пользовательских интерфейсов"	"689н от 05.10.2015"	""	""
"294"	"564"	"06.026"	"Связь, информационные и коммуникационные технологии"	"Администрирование информационно-коммуникационных (инфокоммуникационных) систем"	"Системный администратор информационно-коммуникационных систем"	"684н от 05.10.2015"	""	""
"295"	"565"	"06.027"	"Связь, информационные и коммуникационные технологии"	"Администрирование сетевых устройств информационно-коммуникационной (инфокоммуникационной) системы"	"Специалист по администрированию сетевых устройств информационно-коммуникационных систем"	"686н от 05.10.2015"	""	""
"296"	"566"	"06.028"	"Связь, информационные и коммуникационные технологии"	"Создание системного программного обеспечения"	"Системный программист"	"685н от 05.10.2015"	""	""
"297"	"568"	"06.029"	"Связь, информационные и коммуникационные технологии"	"Продажи информационно-коммуникационных (инфокоммуникационных) систем и/или их составляющих"	"Менеджер по продажам информационно-коммуникационных систем"	"687н от 05.10.2015"	""	""
"298"	"141"	"13.012"	"Сельское хозяйство"	"Ветеринарное обеспечение здоровья животных и человека"	"Ветеринарный врач"	"540н от 04.08.2014"	""	""
"299"	"110"	"13.001"	"Сельское хозяйство"	"Обеспечение технического сопровождения производственных процессов в сельском хозяйстве"	"Специалист в области механизации сельского хозяйства"	"340н от 21.05.2014"	""	""
"300"	"117"	"13.002"	"Сельское хозяйство"	"Производство продукции птицеводства"	"Птицевод"	"342н от 21.05.2014"	""	""
"301"	"118"	"13.003"	"Сельское хозяйство"	"Производство продукции животноводства"	"Животновод"	"325н от 19.05.2014"	""	""
"302"	"119"	"13.004"	"Сельское хозяйство"	"Выполнение доильных работ и первичной обработки молока с использованием специализированного оборудования"	"Оператор машинного доения"	"324н от 19.05.2014"	""	""
"303"	"123"	"13.006"	"Сельское хозяйство"	"Эксплуатация тракторов, комбайнов и сельскохозяйственных машин в условиях сельскохозяйственного производства"	"Тракторист-машинист сельскохозяйственного производства"	"362н от 04.06.2014"	""	""
"304"	"140"	"13.011"	"Сельское хозяйство"	"Обработка шкур"	"Обработчик шкур"	"542н от 04.08.2014"	""	""
"305"	"152"	"13.014"	"Сельское хозяйство"	"Производство меда и других продуктов пчеловодства"	"Пчеловод"	"617н от 08.09.2014"	""	""
"306"	"172"	"13.015"	"Сельское хозяйство"	"Ремонт машин и оборудования для сельского хозяйства"	"Слесарь по ремонту сельскохозяйственных машин и оборудования"	"627н от 08.09.2014"	""	""
"307"	"234"	"13.017"	"Сельское хозяйство"	"Организация и выполнение работ по производству продукции растениеводства"	"Агроном"	"857н от 11.11.2014"	""	""
"308"	"374"	"13.018"	"Сельское хозяйство"	"Эксплуатация мелиоративных систем"	"Специалист по эксплуатации мелиоративных систем"	"1152н от 25.12.2014"	""	""
"309"	"716"	"13.019"	"Сельское хозяйство"	"Профилактика, диагностика и лечение болезней животных и птиц"	"Ветеринарный фельдшер"	"1079н от 21.12.2015"	""	""
"310"	"722"	"13.020"	"Сельское хозяйство"	"Селекция в области племенного животноводства"	"Селекционер по племенному животноводству"	"1034н от 21.12.2015"	""	""
"311"	"549"	"33.010"	"Сервис, оказание услуг населению (торговля, техническое обслуживание, ремонт, предоставление персональных услуг, услуги гостеприимства, общественное питание и пр.)"	"Производство кондитерской и шоколадной продукции в организациях питания"	"Кондитер"	"597н от 07.09.2015"	""	""
"312"	"336"	"33.002"	"Сервис, оказание услуг населению (торговля, техническое обслуживание, ремонт, предоставление персональных услуг, услуги гостеприимства, общественное питание и пр.)"	"Предоставление бытовых косметических услуг"	"Специалист по предоставлению бытовых косметических услуг"	"1069н от 22.12.2014"	""	""
"313"	"357"	"33.003"	"Сервис, оказание услуг населению (торговля, техническое обслуживание, ремонт, предоставление персональных услуг, услуги гостеприимства, общественное питание и пр.)"	"Предоставление маникюрных и педикюрных услуг"	"Специалист по предоставлению маникюрных и педикюрных услуг"	"1126н от 25.12.2014"	""	""
"314"	"461"	"33.005"	"Сервис, оказание услуг населению (торговля, техническое обслуживание, ремонт, предоставление персональных услуг, услуги гостеприимства, общественное питание и пр.)"	"Техническая диагностика и контроль технического состояния автотранспортных средств при периодическом техническом осмотре"	"Специалист по техническому диагностированию и контролю технического состояния автотранспортных средств при периодическом техническом осмотре"	"187н от 23.03.2015"	""	""
"315"	"465"	"33.006"	"Сервис, оказание услуг населению (торговля, техническое обслуживание, ремонт, предоставление персональных услуг, услуги гостеприимства, общественное питание и пр.)"	"Организация обслуживания гостей вином, прочими напитками"	"Сомелье/кавист"	"283н от 07.05.2015"	""	""
"316"	"467"	"33.007"	"Сервис, оказание услуг населению (торговля, техническое обслуживание, ремонт, предоставление персональных услуг, услуги гостеприимства, общественное питание и пр.)"	"Управление гостиничным комплексом и иными средствами размещения"	"Руководитель/управляющий гостиничного комплекса/сети гостиниц"	"282н от 07.05.2015"	""	""
"317"	"468"	"33.008"	"Сервис, оказание услуг населению (торговля, техническое обслуживание, ремонт, предоставление персональных услуг, услуги гостеприимства, общественное питание и пр.)"	"Управление предприятием питания"	"Руководитель предприятия питания"	"281н от 07.05.2015"	""	""
"318"	"557"	"33.011"	"Сервис, оказание услуг населению (торговля, техническое обслуживание, ремонт, предоставление персональных услуг, услуги гостеприимства, общественное питание и пр.)"	"Производство блюд, напитков и кулинарных изделий в организациях питания"	"Повар"	"610н от 08.09.2015"	""	""
"319"	"570"	"33.012"	"Сервис, оказание услуг населению (торговля, техническое обслуживание, ремонт, предоставление персональных услуг, услуги гостеприимства, общественное питание и пр.)"	"Оказание услуг по подбору персонала для юридических лиц"	"Специалист по подбору персонала (рекрутер)"	"717н от 09.10.2015"	""	""
"320"	"681"	"33.013"	"Сервис, оказание услуг населению (торговля, техническое обслуживание, ремонт, предоставление персональных услуг, услуги гостеприимства, общественное питание и пр.)"	"Подача блюд и напитков в организациях питания"	"Официант/бармен"	"910н от 01.12.2015"	""	""
"321"	"682"	"33.014"	"Сервис, оказание услуг населению (торговля, техническое обслуживание, ремонт, предоставление персональных услуг, услуги гостеприимства, общественное питание и пр.)"	"Производство хлебобулочной продукции в организациях питания"	"Пекарь"	"914н от 01.12.2015"	""	""
"322"	"698"	"33.015"	"Сервис, оказание услуг населению (торговля, техническое обслуживание, ремонт, предоставление персональных услуг, услуги гостеприимства, общественное питание и пр.)"	"Ремонт и индивидуальный пошив швейных, трикотажных, меховых, кожаных изделий, головных уборов, изделий текстильной галантереи"	"Специалист по ремонту и индивидуальному пошиву швейных, трикотажных, меховых, кожаных изделий, головных уборов, изделий текстильной галантереи"	"1051н от 21.12.2015"	""	""
"323"	"699"	"33.016"	"Сервис, оказание услуг населению (торговля, техническое обслуживание, ремонт, предоставление персональных услуг, услуги гостеприимства, общественное питание и пр.)"	"Моделирование и конструирование швейных, трикотажных, меховых, кожаных изделий по индивидуальным заказам"	"Специалист по моделированию и конструированию швейных, трикотажных, меховых, кожаных изделий по индивидуальным заказам"	"1124н от 24.12.2015"	""	""
"324"	"700"	"33.017"	"Сервис, оказание услуг населению (торговля, техническое обслуживание, ремонт, предоставление персональных услуг, услуги гостеприимства, общественное питание и пр.)"	"Продажа оптических средств коррекции зрения"	"Продавец оптики"	"16н от 21.01.2016"	""	""
"325"	"764"	"33.018"	"Сервис, оказание услуг населению (торговля, техническое обслуживание, ремонт, предоставление персональных услуг, услуги гостеприимства, общественное питание и пр.)"	"Ремонт и сервисное обслуживание часов"	"Работник по ремонту и сервисному обслуживанию часов"	"1163н от 28.12.2015"	""	""
"326"	"10"	"03.006"	"Социальное обслуживание"	"Содействие обеспечению и защите прав и законных интересов, социальных и иных государственных гарантий детям и иным лицам"	"Специалист органа опеки и попечительства в отношении несовершеннолетних"	"680н от 18.11.2013"	""	""
"327"	"867"	"08.029"	"Финансы и экономика"	"Организация индивидуального (персонифицированного) учета пенсионных прав застрахованных лиц"	"Специалист по организации персонифицированного учета пенсионных прав застрахованных лиц"	"801н от 29.10.2015"	""	""
"328"	"868"	"08.030"	"Финансы и экономика"	"Организация администрирования страховых взносов"	"Специалист по организации администрирования страховых взносов"	"788н от 28.10.2015"	""	""
"329"	"869"	"08.031"	"Финансы и экономика"	"Установление и выплата пенсий и иных выплат"	"Специалист по организации назначения и выплаты пенсии"	"785н от 28.10.2015"	""	""
"330"	"870"	"08.032"	"Финансы и экономика"	"Организация и установление выплат социального характера"	"Специалист по организации и установлению выплат социального характера"	"787н от 28.10.2015"	""	""
"331"	"484"	"11.011"	"Средства массовой информации, издательство и полиграфия"	"Производство кинофильмов, телефильмов, видеофильмов и телевизионных программ, деятельность в области телевизионного вещания"	"Специалист по видеомонтажу"	"332н от 29.05.2015"	""	""
"332"	"167"	"16.020"	"Строительство и жилищно-коммунальное хозяйство"	"Техническое обслуживание и ремонт воздушных и кабельных муниципальных линий электропередачи"	"Специалист по эксплуатации воздушных и кабельных муниципальных линий электропередачи"	"620н от 08.09.2014"	""	""
"333"	"403"	"16.052"	"Строительство и жилищно-коммунальное хозяйство"	"Монтаж лифтов, платформ подъемных для инвалидов, поэтажных эскалаторов (пассажирских конвейеров)"	"Монтажник лифтов, платформ подъемных для инвалидов, поэтажныхэскалаторов"	"1178н от 26.12.2014"	""	""
"334"	"62"	"16.005"	"Строительство и жилищно-коммунальное хозяйство"	"Техническое обслуживание и ремонт котельных, работающих на твердом топливе"	"Специалист по эксплуатации котлов, работающих на твердом топливе"	"192н от 07.04.2014"	""	""
"335"	"63"	"16.006"	"Строительство и жилищно-коммунальное хозяйство"	"Формирование эффективной системы сбора, транспортировки, переработки и утилизации отходов производства и потребления"	"Специалист в области обращения с отходами"	"2013н от 07.04.2014"	""	""
"336"	"76"	"16.012"	"Строительство и жилищно-коммунальное хозяйство"	"Эксплуатация котлов на газообразном, жидком топливе и электронагреве"	"Специалист по эксплуатации котлов на газообразном, жидком топливе иэлектронагреве"	"237н от 11.04.2014"	""	""
"337"	"79"	"16.015"	"Строительство и жилищно-коммунальное хозяйство"	"Техническое обслуживание и ремонт гидротехнических сооружений и оборудования водозабора"	"Специалист по эксплуатации водозаборных сооружений"	"245н от 11.04.2014"	""	""
"338"	"240"	"16.021"	"Строительство и жилищно-коммунальное хозяйство"	"Выполнение кровельных и гидроизоляционных работ"	"Кровельщик"	"860н от 31.10.2014"	""	""
"339"	"241"	"16.022"	"Строительство и жилищно-коммунальное хозяйство"	"Выполнение механизированных работ с применением автогрейдера"	"Машинист автогрейдера"	"931н от 21.11.2014"	""	""
"340"	"242"	"16.023"	"Строительство и жилищно-коммунальное хозяйство"	"Выполнение вспомогательных работ при проведении строительства и ремонта асфальтобетонных покрытий автомобильных дорог"	"Асфальтобетонщик"	"1098н от 22.12.2014"	""	""
"341"	"243"	"16.024"	"Строительство и жилищно-коммунальное хозяйство"	"Выполнение механизированных работ с применением асфальтоукладчика в условиях строительства автомобильных дорог, аэродромов и других сооружений"	"Машинист асфальтоукладчика"	"973н от 04.12.2014"	""	""
"342"	"260"	"16.026"	"Строительство и жилищно-коммунальное хозяйство"	"Выполнение арматурных работ"	"Арматурщик"	"1087н от 22.12.2014"	""	""
"343"	"262"	"16.028"	"Строительство и жилищно-коммунальное хозяйство"	"Выполнение механизированных работ с применением экскаватора"	"Машинист экскаватора"	"931н от 21.11.2014"	""	""
"344"	"263"	"16.029"	"Строительство и жилищно-коммунальное хозяйство"	"Монтаж систем вентиляции, кондиционирования воздуха, пневмотранспорта и аспирации"	"Монтажник систем вентиляции и кондиционирования воздуха"	"959н от 28.11.2014"	""	""
"345"	"264"	"16.030"	"Строительство и жилищно-коммунальное хозяйство"	"Монтаж котлов, котельно-вспомогательного оборудования и технологических трубопроводов котельных"	"Монтажник оборудования котельных"	"929н от 21.11.2014"	""	""
"346"	"265"	"16.031"	"Строительство и жилищно-коммунальное хозяйство"	"Обеспечение строительного производства строительными машинами и механизмами"	"Специалист в области обеспечения строительного производства строительными машинами и механизмами"	"975н от 04.12.2014"	""	""
"347"	"266"	"16.032"	"Строительство и жилищно-коммунальное хозяйство"	"Производственно-техническое и технологическое обеспечение строительного производства"	"Специалист в области производственно-технического и технологического обеспечения строительного производства"	"943н от 27.11.2014"	""	""
"348"	"267"	"16.033"	"Строительство и жилищно-коммунальное хозяйство"	"Планово-экономическое обеспечение строительного производства"	"Специалист в области планово-экономического обеспечения строительногопроизводства"	"983н от 08.12.2014"	""	""
"349"	"312"	"16.035"	"Строительство и жилищно-коммунальное хозяйство"	"Настилка и ремонт паркетных полов"	"Паркетчик"	"1092н от 22.12.2014"	""	""
"350"	"313"	"16.036"	"Строительство и жилищно-коммунальное хозяйство"	"Гидроизоляция подземных сооружений"	"Изолировщик на подземных работах в строительстве"	"1063н от 22.12.2014"	""	""
"351"	"314"	"16.037"	"Строительство и жилищно-коммунальное хозяйство"	"Операторское обслуживание лифтов, платформ подъемных для инвалидов, поэтажных эскалаторов (пассажирских конвейеров)"	"Лифтер-оператор по обслуживанию лифтов и платформ подъемных"	"1082н от 22.12.2014"	""	""
"352"	"322"	"16.038"	"Строительство и жилищно-коммунальное хозяйство"	"Управление строительной организацией"	"Руководитель строительной организации"	"1182н от 26.12.2014"	""	""
"353"	"330"	"16.039"	"Строительство и жилищно-коммунальное хозяйство"	"Выполнение работ при остеклении"	"Стекольщик"	"1062н от 22.12.2014"	""	""
"354"	"332"	"16.041"	"Строительство и жилищно-коммунальное хозяйство"	"Управление микротоннельным проходческим комплексом в строительстве"	"Оператор по управлению микротоннельным проходческим комплексом встроительстве"	"1072н от 22.12.2014"	""	""
"355"	"333"	"16.042"	"Строительство и жилищно-коммунальное хозяйство"	"Выполнение работ при устройстве и ремонте мостовых, берегоукрепительных и выправительных сооружений всех типов"	"Мостовщик"	"1096н от 22.12.2014"	""	""
"356"	"346"	"16.045"	"Строительство и жилищно-коммунальное хозяйство"	"Выполнение слесарных работ на строительной площадке"	"Слесарь строительный"	"1137н от 25.12.2014"	""	""
"357"	"347"	"16.046"	"Строительство и жилищно-коммунальное хозяйство"	"Окрашивание наружных и внутренних поверхностей зданий и сооружений, оклеивание стен и потолков зданий обоями"	"Маляр строительный"	"1138н от 25.12.2014"	""	""
"358"	"348"	"16.047"	"Строительство и жилищно-коммунальное хозяйство"	"Монтажные работы в строительстве"	"Монтажник бетонных и металлических конструкций"	"185н от 23.03.2015"	""	""
"359"	"350"	"16.048"	"Строительство и жилищно-коммунальное хозяйство"	"Выполнение работ по кладке, ремонту и монтажу каменных конструкций"	"Каменщик"	"1150н от 25.12.2014"	""	""
"360"	"361"	"16.050"	"Строительство и жилищно-коммунальное хозяйство"	"Техническое обслуживание и ремонт поэтажных эскалаторов (пассажирских конвейеров)"	"Электромеханик по эксплуатации, техническому обслуживанию и ремонту эскалаторов и пассажирских конвейеров"	"1160н от 26.12.2014"	""	""
"361"	"362"	"16.051"	"Строительство и жилищно-коммунальное хозяйство"	"Техническое обслуживание, ремонт и монтаж оборудования диспетчерских систем, контролирующих работу лифтов и инженерного оборудования зданий и сооружений"	"Специалист по оборудованию диспетчерского контроля"	"1123н от 25.12.2014"	""	""
"362"	"36"	"16.009"	"Строительство и жилищно-коммунальное хозяйство"	"Деятельность по управлению государственным, муниципальным и частным жилищным фондами"	"Специалист по управлению жилищным фондом"	"233н от 11.04.2014"	""	""
"363"	"410"	"16.053"	"Строительство и жилищно-коммунальное хозяйство"	"Опалубочные работы в строительстве"	"Монтажник опалубочных систем"	"17н от 16.01.2015"	""	""
"364"	"417"	"16.054"	"Строительство и жилищно-коммунальное хозяйство"	"Выполнение работ по устройству ограждающих конструкций, ремонту, реконструкции и отделке внутренних и наружных поверхностей зданий и сооружений"	"Монтажник каркасно-обшивных конструкций"	"150н от 10.03.2015"	""	""
"365"	"418"	"16.055"	"Строительство и жилищно-коммунальное хозяйство"	"Выполнение работ при оштукатуривании поверхностей, при устройстве наливных стяжек пола и СФТК"	"Штукатур"	"148н от 10.03.2015"	""	""
"366"	"438"	"16.056"	"Строительство и жилищно-коммунальное хозяйство"	"Эксплуатация и контроль подачи воды в водозаборные сооружения"	"Оператор водозаборных сооружений"	"158н от 12.03.2015"	""	""
"367"	"451"	"16.057"	"Строительство и жилищно-коммунальное хозяйство"	"Планирование, координация и контроль экономической деятельности организаций водоснабжения и водоотведения"	"Специалист планово-экономического сопровождения деятельности организации водоснабжения и водоотведения"	"166н от 19.03.2015"	""	""
"368"	"457"	"16.058"	"Строительство и жилищно-коммунальное хозяйство"	"Выполнение механизированных работ на трубоукладчиках с двигателями различной мощности"	"Машинист трубоукладчика"	"205н от 31.03.2015"	""	""
"369"	"458"	"16.059"	"Строительство и жилищно-коммунальное хозяйство"	"Выполнение общестроительных работ, эксплуатация, обслуживание гидротехнических сооружений и мелиоративных систем, выполнение ремонта на них"	"Гидротехник в строительстве"	"237н от 22.04.2015"	""	""
"370"	"474"	"16.060"	"Строительство и жилищно-коммунальное хозяйство"	"Формирование цен и тарифов на работы и услуги в жилищно-коммунальном хозяйстве"	"Специалист в области ценообразования и тарифного регулирования в жилищно-коммунальном хозяйстве"	"366н от 08.06.2015"	""	""
"371"	"486"	"16.062"	"Строительство и жилищно-коммунальное хозяйство"	"Работы при монтаже турбоустановок"	"Монтажник турбоустановок"	"252н от 27.04.2015"	""	""
"372"	"555"	"16.063"	"Строительство и жилищно-коммунальное хозяйство"	"Осуществление химического анализа воды в системах водоснабжения, водоотведения и теплоснабжения"	"Специалист по химическому анализу воды в системах водоснабжения, водоотведения, теплоснабжения"	"640н от 15.09.2015"	""	""
"373"	"717"	"16.064"	"Строительство и жилищно-коммунальное хозяйство"	"Проектирование тепловых сетей"	"Инженер-проектировщик тепловых сетей"	"1083н от 21.12.2015"	""	""
"374"	"718"	"16.065"	"Строительство и жилищно-коммунальное хозяйство"	"Проектирование технологических решений котельных, центральных тепловых пунктов, малых теплоэлектроцентралей"	"Инженер-проектировщик технологических решений котельных, центральных тепловых пунктов и малых теплоэлектроцентралей"	"1082н от 21.12.2015"	""	""
"375"	"719"	"16.066"	"Строительство и жилищно-коммунальное хозяйство"	"Проектирование насосных станций систем водоснабжения и водоотведения"	"Инженер-проектировщик насосных станций систем водоснабжения и водоотведения"	"1085н от 21.12.2015"	""	""
"376"	"71"	"16.008"	"Строительство и жилищно-коммунальное хозяйство"	"Техническое обслуживание и ремонт наружных газопроводов низкого давления"	"Специалист по эксплуатации наружных газопроводов низкого давления"	"224н от 11.04.2014"	""	""
"377"	"720"	"16.067"	"Строительство и жилищно-коммунальное хозяйство"	"Проектирование сооружений очистки сточных вод"	"Инженер-проектировщик сооружений очистки сточных вод"	"1084н от 21.12.2015"	""	""
"378"	"721"	"16.068"	"Строительство и жилищно-коммунальное хозяйство"	"Проектирование газооборудования технологических установок, котельных и малых теплоэлектроцентралей"	"Инженер-проектировщик газооборудования технологических установок, котельных и малых теплоэлектроцентралей"	"1086н от 21.12.2015"	""	""
"379"	"74"	"16.010"	"Строительство и жилищно-коммунальное хозяйство"	"Эксплуатация домового газового оборудования"	"Специалист по эксплуатации элементов оборудования домовых систем газоснабжения"	"242н от 11.04.2014"	""	""
"380"	"750"	"16.069"	"Строительство и жилищно-коммунальное хозяйство"	"Обработка твердых коммунальных отходов с использованием оборудования"	"Работник по сортировке твердых коммунальных отходов"	"1144н от 24.12.2015"	""	""
"381"	"751"	"16.070"	"Строительство и жилищно-коммунальное хозяйство"	"Обращение с отходами производства и потребления"	"Работник по эксплуатации полигона твердых коммунальных отходов"	"1143н от 24.12.2015"	""	""
"382"	"75"	"16.011"	"Строительство и жилищно-коммунальное хозяйство"	"Техническая эксплуатация, обслуживание, санитарное содержание и благоустройство объектов общего имущества многоквартирного дома"	"Специалист по эксплуатации и обслуживанию многоквартирного дома"	"238н от 11.04.2014"	""	""
"383"	"769"	"16.071"	"Строительство и жилищно-коммунальное хозяйство"	"Механическая очистка сточных вод в системах коммунального водоотведения"	"Оператор на решетках, песколовках и жироловках"	"1103н от 21.12.2015"	""	""
"384"	"770"	"16.072"	"Строительство и жилищно-коммунальное хозяйство"	"Очистка сточных вод в системах водоотведения"	"Оператор на отстойниках и аэротенках систем водоотведения"	"1104н от 21.12.2015"	""	""
"385"	"771"	"16.073"	"Строительство и жилищно-коммунальное хозяйство"	"Озонирование вод в системах водоснабжения и водоотведения"	"Оператор озонаторной установки"	"1095н от 21.12.2015"	""	""
"386"	"772"	"16.074"	"Строительство и жилищно-коммунальное хозяйство"	"Очистка и обеззараживание сточных вод"	"Оператор по доочистке и обеззараживанию очищенных стоков"	"1101н от 21.12.2015"	""	""
"387"	"774"	"16.075"	"Строительство и жилищно-коммунальное хозяйство"	"Очистка сточных вод в системах водоотведения"	"Оператор по обработке сырого и илового осадка"	"1098н от 21.12.2015"	""	""
"388"	"777"	"16.077"	"Строительство и жилищно-коммунальное хозяйство"	"Содержание общего имущества, в том числе земельных участков, относящих к общему имуществу многоквартирных домов"	"Рабочий по комплексной уборке территории, относящейся к общему имуществу в многоквартирном доме"	"1075н от 21.12.2015"	""	""
"389"	"779"	"16.079"	"Строительство и жилищно-коммунальное хозяйство"	"Очистка поверхностей нагрева тепловых установок и конструкций"	"Огнеупорщик"	"1080н от 21.12.2015"	""	""
"390"	"77"	"16.013"	"Строительство и жилищно-коммунальное хозяйство"	"Техническое обслуживание и ремонт сооружений и оборудования насосных станций водопровода"	"Специалист по эксплуатации насосных станций водопровода"	"247н от 11.04.2014"	""	""
"391"	"780"	"16.080"	"Строительство и жилищно-коммунальное хозяйство"	"Ремонт и техническое обслуживание котлоагрегатов и теплообменников"	"Котлочист (в системах коммунального теплоснабжения)"	"1037н от 21.12.2015"	""	""
"392"	"783"	"16.081"	"Строительство и жилищно-коммунальное хозяйство"	"Производство изоляционных работ"	"Работник по гидро- и теплоизоляции сетей водо- и теплоснабжения"	"1068н от 21.12.2015"	""	""
"393"	"784"	"16.082"	"Строительство и жилищно-коммунальное хозяйство"	"Техническое обслуживание и ремонт трансформаторов"	"Работник по ремонту трансформаторов в инженерной инфраструктуре электроснабжения населения"	"1071н от 21.12.2015"	""	""
"394"	"785"	"16.083"	"Строительство и жилищно-коммунальное хозяйство"	"Деятельность по обеспечению учета и регулирования потребления энергетических ресурсов в жилищно-коммунальном хозяйстве"	"Работник по техническому обслуживанию (эксплуатации) систем учета и регулирования потребления электрической и тепловой энергии и воды в жилищно-коммунальном хозяйстве"	"1123н от 24.12.2015"	""	""
"395"	"786"	"16.085"	"Строительство и жилищно-коммунальное хозяйство"	"Монтаж, ремонт и техническое обслуживание насосов и компрессоров"	"Работник по техническому обслуживанию насосных или компрессорных установок инженерной инфраструктуры жилищно-коммунального хозяйства (в системах водо- и теплоснабжения)"	"1070н от 21.12.2015"	""	""
"396"	"787"	"16.085"	"Строительство и жилищно-коммунальное хозяйство"	"Деятельность по обеспечению работоспособности тепловых сетей"	"Работник по техническому обслуживанию оборудования водоподготовки в системах теплоснабжения"	"1122н от 24.12.2015"	""	""
"397"	"789"	"16.086"	"Строительство и жилищно-коммунальное хозяйство"	"Производство санитарно-технических работ, монтаж отопительных систем и систем кондиционирования воздуха"	"Слесарь домовых санитарно-технических систем и оборудования"	"1076н от 21.12.2015"	""	""
"398"	"78"	"16.014"	"Строительство и жилищно-коммунальное хозяйство"	"Организация и обеспечение обслуживания трубопроводов и оборудования тепловых сетей"	"Специалист по эксплуатации трубопроводов и оборудования тепловых сетей"	"246н от 11.04.2014"	""	""
"399"	"792"	"16.087"	"Строительство и жилищно-коммунальное хозяйство"	"Обеспечение работоспособности котельных"	"Слесарь по ремонту оборудования котельных"	"1042н от 21.12.2015"	""	""
"400"	"793"	"16.088"	"Строительство и жилищно-коммунальное хозяйство"	"Монтаж технологических трубопроводов"	"Монтажник технологических трубопроводов"	"1113н от 22.12.2015"	""	""
"401"	"794"	"16.089"	"Строительство и жилищно-коммунальное хозяйство"	"Монтаж санитарно-технических систем и оборудования объектов капитального строительства непроизводственного и производственного назначения"	"Монтажник санитарно-технических систем и оборудования"	"1077н от 21.12.2015"	""	""
"402"	"795"	"16.090"	"Строительство и жилищно-коммунальное хозяйство"	"Производство электромонтажных работ"	"Электромонтажник домовых электрических систем и оборудования"	"1073н от 21.12.2015"	""	""
"403"	"797"	"16.091"	"Строительство и жилищно-коммунальное хозяйство"	"Монтаж технологического оборудования"	"Монтажник технологического оборудования и связанных с ним конструкций"	"1074н от 21.12.2015"	""	""
"404"	"798"	"16.092"	"Строительство и жилищно-коммунальное хозяйство"	"Монтаж приборов и аппаратуры автоматического контроля, регулирования, управления"	"Рабочий по монтажу приборов и аппаратуры автоматического контроля, регулирования, управления (монтажник)"	"1126н от 24.12.2015"	""	""
"405"	"838"	"16.093"	"Строительство и жилищно-коммунальное хозяйство"	"Строительный контроль в области защиты от коррозии"	"Специалист по строительному контролю систем защиты от коррозии"	"165н от 13.04.2016"	""	""
"406"	"97"	"16.019"	"Строительство и жилищно-коммунальное хозяйство"	"Техническое обслуживание и ремонт электротехнических устройств, оборудования и установок"	"Специалист по эксплуатации трансформаторных подстанций ираспределительных пунктов"	"266н от 17.04.2014"	""	""
"407"	"198"	"30.001"	"Судостроение"	"Проектирование и конструирование судов, плавучих конструкций и их составных частей"	"Специалист по проектированию и конструированию в судостроении"	"623н от 08.09.2014"	""	""
"408"	"501"	"30.014"	"Судостроение"	"Судокорпусные работы по ремонту судов и плавучих конструкций"	"Судокорпусник-ремонтник"	"448н от 14.07.2015"	""	""
"409"	"502"	"30.015"	"Судостроение"	"Выполнение медницких работ на судах и плавучих конструкциях"	"Медник по изготовлению судовых изделий"	"449н от 14.07.2015"	""	""
"410"	"503"	"30.016"	"Судостроение"	"Эксплуатация, обслуживание и ремонт оборудования и механизмов сухих доковых установок"	"Машинист сухих доковых установок"	"455н от 14.07.2015"	""	""
"411"	"684"	"30.017"	"Судостроение"	"Судостроение и судоремонт"	"Проверщик судовой"	"938н от 02.12.2015"	""	""
"412"	"685"	"30.018"	"Судостроение"	"Производство работ и руководство работами в судостроении и судоремонте"	"Строитель кораблей"	"941н от 02.12.2015"	""	""
"413"	"696"	"30.019"	"Судостроение"	"Судостроение и судоремонт"	"Гуммировщик судовой"	"940н от 02.12.2015"	""	""
"414"	"697"	"30.020"	"Судостроение"	"Наладка и испытания оборудования, устройств, спецтехники, приборов, комплексов и систем корабельной автоматики, навигации и связи"	"Инженер по наладке и испытаниям в судостроении"	"937н от 02.12.2015"	""	""
"415"	"765"	"30.022"	"Судостроение"	"Парусные работы при судостроении и судоремонте"	"Парусник"	"1026н от 17.12.2015"	""	""
"416"	"767"	"30.023"	"Судостроение"	"Обработка металлоконструкций и бетона в судостроении и судоремонте"	"Рубщик судовой"	"1009н от 10.12.2015"	""	""
"417"	"803"	"30.024"	"Судостроение"	"Выполнение научно-исследовательских работ по разработке новых технологий в области судостроения и судоремонта"	"Инженер-исследователь в области судостроения и судоремонта"	"1175н от 29.12.2015"	""	""
"418"	"108"	"17.008"	"Транспорт"	"Обслуживание и ремонт железнодорожно-строительных машин и механизмов железнодорожного транспорта"	"Наладчик железнодорожно-строительных машин и механизмов"	"323н от 19.05.2014"	""	""
"419"	"115"	"17.009"	"Транспорт"	"Управление и обслуживание специального железнодорожного подвижного состава (самоходного)"	"Работник по управлению и обслуживанию специального железнодорожного подвижного состава (самоходного)"	"320н от 19.05.2014"	""	""
"420"	"116"	"17.010"	"Транспорт"	"Управление и обслуживание локомотивов"	"Работник по управлению и обслуживанию локомотива"	"321н от 19.05.2014"	""	""
"421"	"425"	"17.011"	"Транспорт"	"Выполнение работ при текущем содержании, монтаже, демонтаже и ремонте конструкций верхнего строения пути"	"Монтер пути"	"111н от 24.02.2015"	""	""
"422"	"426"	"17.012"	"Транспорт"	"Расформирование и формирование составов, групп вагонов на железнодорожных путях общего и необщего пользования"	"Составитель поездов, кондуктор грузовых поездов"	"170н от 19.03.2015"	""	""
"423"	"478"	"17.013"	"Транспорт"	"Обслуживание пассажиров и обеспечение их безопасности в пути следования пассажирского поезда"	"Проводник пассажирского вагона"	"294н от 14.05.2015"	""	""
"424"	"479"	"17.014"	"Транспорт"	"Выполнение комплекса услуг по транспортному обслуживанию грузоотправителей и грузополучателей железнодорожного транспорта"	"Агент транспортного обслуживания железнодорожного транспорта"	"245н от 23.04.2015"	""	""
"425"	"516"	"17.015"	"Транспорт"	"17.015"	"Судоводитель-механик"	"612н от 08.09.2015"	""	""
"426"	"583"	"17.016"	"Транспорт"	"Управление, техническое обслуживание и перевозка грузов и людей внедорожным мототранспортным и автотранспортным средством в различных дорожных и метеорологических условиях"	"Водитель внедорожных автомототранспортных средств"	"833н от 02.11.2015"	""	""
"427"	"584"	"17.017"	"Транспорт"	"Техническое обслуживание и ремонт устройств сигнализации, централизации и блокировки железнодорожной автоматики и телемеханики"	"Работник по обслуживанию и ремонту устройств железнодорожной автоматики и телемеханики"	"772н от 23.10.2015"	""	""
"428"	"586"	"17.019"	"Транспорт"	"Деятельность по сопровождению технического обслуживания и ремонта вагонов и контейнеров"	"Оператор по обслуживанию и ремонту вагонов и контейнеров"	"998н от 03.12.2015"	""	""
"429"	"587"	"17.020"	"Транспорт"	"Техническое обслуживание в пути следования пассажирских вагонов и обеспечение безопасного проезда пассажиров"	"Поездной электромеханик железнодорожного транспорта"	"966н от 03.12.2015"	""	""
"430"	"588"	"17.021"	"Транспорт"	"Расшифровка параметров движения локомотивов (моторвагонного подвижного состава)"	"Техник по расшифровке параметров движения локомотивов (моторвагонного подвижного состава)"	"996н от 03.12.2015"	""	""
"431"	"589"	"17.022"	"Транспорт"	"Техническое обслуживание и текущий ремонт контактной сети постоянного и переменного тока, воздушных линий, подвешенных на опорах контактной сети или на самостоятельных опорах"	"Работник по техническому обслуживанию и ремонту контактной сети железнодорожного транспорта"	"952н от 02.12.2015"	""	""
"432"	"590"	"17.023"	"Транспорт"	"Руководство движением поездов, производством маневровой работы на раздельных пунктах"	"Специалист по организации управления движением поездов, производства маневровой работы на раздельных пунктах"	"977н от 03.12.2015"	""	""
"433"	"592"	"17.024"	"Транспорт"	"Техническое обслуживание и ремонт оборудования железнодорожных тяговых подстанций и трансформаторных подстанций, линейных устройств системы тягового электроснабжения"	"Работник по техническому обслуживанию и ремонту железнодорожных тяговых и трансформаторных подстанций, линейных устройств системы тягового электроснабжения"	"991н от 03.12.2015"	""	""
"434"	"594"	"17.026"	"Транспорт"	"Оперативно-диспетчерское управление железнодорожными перевозками"	"Специалист по оперативно-диспетчерскому управлению железнодорожными перевозками"	"981н от 03.12.2015"	""	""
"435"	"608"	"17.027"	"Транспорт"	"Оперативное управление работой устройств электроснабжения железнодорожного транспорта"	"Энергодиспетчер железнодорожного транспорта"	"993н от 03.12.2015"	""	""
"436"	"619"	"17.028"	"Транспорт"	"Организация выполнения работ по текущему содержанию и ремонту железнодорожного пути и искусственных сооружений"	"Бригадир (освобожденный) по текущему содержанию и ремонту пути и искусственных сооружений железнодорожного транспорта"	"990н от 03.12.2015"	""	""
"437"	"672"	"17.029"	"Транспорт"	"Эксплуатация и техническое обслуживание канатных дорог"	"Работник по эксплуатации, ремонту и техническому обслуживанию канатных дорог"	"1061н от 21.12.2015"	""	""
"438"	"686"	"17.030"	"Транспорт"	"Техническое обслуживание и ремонт оборудования контрольно-измерительных вагонов железнодорожного транспорта"	"Наладчик контрольно-измерительных вагонов железнодорожного транспорта"	"944н от 02.12.2015"	""	""
"439"	"688"	"17.032"	"Транспорт"	"Оперативное руководство работой по техническому обслуживанию, ремонту сооружений и устройств инфраструктуры железнодорожного транспорта и текущему содержанию пути"	"Специалист диспетчерского аппарата по обслуживанию сооружений и устройств инфраструктуры железнодорожного транспорта"	"982н от 03.12.2015"	""	""
"440"	"689"	"17.033"	"Транспорт"	"Выполнение грузовых и коммерческих операций, осмотра подвижного состава в коммерческом отношении"	"Работник по коммерческому осмотру вагонов в поездах, приему и выдаче груза"	"943н от 02.12.2015"	""	""
"441"	"92"	"17.002"	"Транспорт"	"Обслуживание железнодорожных переездов"	"Дежурный по переезду"	"308н от 14.05.2013"	""	""
"442"	"95"	"17.004"	"Транспорт"	"Обслуживание стрелочных переводов нецентрализованного управления на железнодорожных путях общего и необщего пользования"	"Дежурный стрелочного поста"	"311н от 14.05.2014"	""	""
"443"	"96"	"17.005"	"Транспорт"	"Управление и обслуживание специального железнодорожного подвижного состава (несамоходного)"	"Работник по управлению и обслуживанию специального железнодорожного подвижного состава (несамоходного)"	"264н от 17.04.2014"	""	""
"444"	"99"	"17.006"	"Транспорт"	"Управление и обслуживание моторвагонного подвижного состава"	"Работник по управлению и обслуживанию моторвагонного подвижного состава"	"309н от 14.05.2014"	""	""
"445"	"136"	"05.002"	"Физическая культура и спорт"	"Коррекция отклонений в физическом и умственном развитии лиц с ограниченными возможностями здоровья (включая инвалидов) всех возрастных и нозологических групп"	"Тренер-преподаватель по адаптивной физической культуре"	"528н от 04.08.2014"	""	""
"446"	"157"	"05.004"	"Физическая культура и спорт"	"Организационно-методическая деятельность в области адаптивной физической культуры (АФК) и адаптивного спорта"	"Инструктор-методист по адаптивной физической культуре"	"526н от 04.08.2014"	""	""
"447"	"158"	"05.005"	"Физическая культура и спорт"	"Организационно-методическая деятельность в области физической культуры и спорта"	"Инструктор-методист"	"630н от 08.09.2014"	""	""
"448"	"34"	"05.001"	"Физическая культура и спорт"	"Деятельность в области спорта"	"Спортсмен"	"186н от 07.04.2014"	""	""
"449"	"578"	"05.007"	"Физическая культура и спорт"	"Судейство спортивного соревнования"	"Спортивный судья"	"769н от 23.10.2015"	""	""
"450"	"581"	"05.008"	"Физическая культура и спорт"	"Управление деятельностью и развитием физкультурно-спортивной организации"	"Руководитель организации (подразделения организации), осуществляющей деятельность в области физической культуры и спорта"	"798н от 28.10.2015"	""	""
"451"	"743"	"05.009"	"Физическая культура и спорт"	"Контроль, обслуживание и ремонт спортивного оборудования и инвентаря"	"Специалист по обслуживанию и ремонту спортивного инвентаря и оборудования"	"1025н от 17.12.2015"	""	""
"452"	"276"	"08.001"	"Финансы и экономика"	"Деятельность по организации, эксплуатации и развитию платежных систем"	"Специалист по платежным системам"	"204н от 31.03.2015"	""	""
"453"	"531"	"08.023"	"Финансы и экономика"	"Аудиторская деятельность"	"Аудитор"	"728н от 19.10.2015"	""	""
"454"	"430"	"08.003"	"Финансы и экономика"	"Обеспечение проведения микрофинансовых операций"	"Специалист по микрофинансовым операциям"	"238н от 22.04.2015"	""	""
"455"	"432"	"08.004"	"Финансы и экономика"	"Предоставление услуг на рынке ценных бумаг и производных финансовых инструментов"	"Специалист рынка ценных бумаг"	"184н от 23.03.2015"	""	""
"456"	"433"	"08.005"	"Финансы и экономика"	"Брокерская деятельность в сфере страхования (перестрахования)"	"Страховой брокер"	"155н от 10.03.2015"	""	""
"457"	"434"	"08.006"	"Финансы и экономика"	"Деятельность по осуществлению внутреннего контроля в экономических субъектах"	"Специалист по внутреннему контролю (внутренний контролер)"	"236н от 22.04.2015"	""	""
"458"	"435"	"08.007"	"Финансы и экономика"	"Обеспечение проведения казначейских операций банка"	"Специалист казначейства банка"	"525н от 29.07.2015"	""	""
"459"	"439"	"08.008"	"Финансы и экономика"	"Финансовое консультирование"	"Специалист по финансовому консультированию"	"167н от 19.03.2015"	""	""
"460"	"440"	"08.009"	"Финансы и экономика"	"Предоставление услуг по факторингу"	"Специалист по факторинговым операциям"	"169н от 19.03.2015"	""	""
"461"	"441"	"08.010"	"Финансы и экономика"	"Внутренний аудит"	"Внутренний аудитор"	"398н от 24.06.2015"	""	""
"462"	"442"	"08.011"	"Финансы и экономика"	"Предоставление юридическим и (или) физическим лицам долгосрочных кредитов под залог недвижимого имущества"	"Специалист по ипотечному кредитованию"	"171н от 19.03.2015"	""	""
"463"	"444"	"08.012"	"Финансы и экономика"	"Страхование (перестрахование)"	"Специалист по страхованию"	"186н от 23.03.2015"	""	""
"464"	"446"	"08.014"	"Финансы и экономика"	"Организация и проведение деятельности по взысканию задолженностей"	"Специалист по работе с просроченной задолженностью"	"590н от 07.09.2015"	""	""
"465"	"448"	"08.015"	"Финансы и экономика"	"Предоставление кредитов юридическим лицам и индивидуальным предпринимателям"	"Специалист по корпоративному кредитованию"	"174н от 19.03.2015"	""	""
"466"	"449"	"08.016"	"Финансы и экономика"	"Посредническая деятельность между кредитной организацией и заемщиком"	"Специалист по кредитному брокериджу"	"175н от 19.03.2015"	""	""
"467"	"452"	"08.018"	"Финансы и экономика"	"Управление рисками (риск-менеджмент) организации"	"Специалист по управлению рисками"	"591н от 07.09.2015"	""	""
"468"	"455"	"08.020"	"Финансы и экономика"	"Выполнение операций с залоговым имуществом"	"Специалист по работе с залогами"	"176н от 19.03.2015"	""	""
"469"	"456"	"08.021"	"Финансы и экономика"	"Финансовый мониторинг в целях противодействия легализации (отмыванию) доходов, полученных преступным путем, и финансированию терроризма (ПОД/ТФ)"	"Специалист по финансовому мониторингу (в сфере противодействия легализации доходов, полученных преступным путем, и финансированию терроризма)"	"512н от 24.07.2015"	""	""
"470"	"459"	"08.022"	"Финансы и экономика"	"Статистическая деятельность"	"Статистик"	"605н от 08.09.2015"	""	""
"471"	"552"	"08.024"	"Финансы и экономика"	"Экспертиза и консультирование при осуществлении закупок для обеспечения государственных, муниципальных и корпоративных нужд"	"Эксперт в сфере закупок"	"626н от 10.09.2015"	""	""
"472"	"558"	"08.026"	"Финансы и экономика"	"Деятельность по осуществлению, контролю и управлению закупками для обеспечения государственных, муниципальных и корпоративных нужд"	"Специалист в сфере закупок"	"625н от 10.09.2015"	""	""
"473"	"536"	"26.001"	"Химическое, химико-технологическое производство"	"Обеспечение комплексного контроля производства наноструктурированных композиционных материалов"	"Специалист по обеспечению комплексного контроля производства наноструктурированных композиционных материалов"	"589н от 07.09.2015"	""	""
"474"	"537"	"26.002"	"Химическое, химико-технологическое производство"	"Производство наноструктурированных полимерных материалов"	"Специалист по подготовке и эксплуатации оборудования по производству наноструктурированных полимерных материалов"	"632н от 12.09.2015"	""	""
"475"	"539"	"26.003"	"Химическое, химико-технологическое производство"	"Проектирование изделий из наноструктурированных композиционных материалов"	"Специалист по проектированию изделий из наноструктурированных композиционных материалов"	"631н от 14.09.2015"	""	""
"476"	"540"	"26.004"	"Химическое, химико-технологическое производство"	"Производство волокнистых наноструктурированных композиционных материалов"	"Специалист по производству волокнистых наноструктурированных композиционных материалов"	"592н от 07.09.2015"	""	""
"477"	"541"	"26.005"	"Химическое, химико-технологическое производство"	"Производство наноструктурированных полимерных материалов"	"Специалист по производству наноструктурированных полимерных материалов"	"594н от 07.09.2015"	""	""
"478"	"542"	"26.006"	"Химическое, химико-технологическое производство"	"Производство новых наноструктурированных композиционных материалов"	"Специалист по разработке наноструктурированных композиционных материалов"	"604н от 08.09.2015"	""	""
"479"	"752"	"26.007"	"Химическое, химико-технологическое производство"	"Обеспечение экологически и санитарно-эпидемиологически безопасного обращения с отходами производства и потребления"	"Оператор оборудования для утилизации и обезвреживания медицинских и биологических отходов"	"1150н от 24.12.2015"	""	""
"480"	"754"	"26.008"	"Химическое, химико-технологическое производство"	"Защита окружающей среды и ликвидация последствий вредного на нее воздействия с использованием биотехнологических методов"	"Специалист - технолог в области природоохранных (экологических) биотехнологий"	"1046н от 21.12.2015"	""	""
"481"	"755"	"26.009"	"Химическое, химико-технологическое производство"	"Производство моющих и чистящих средств биотехнологическим методом"	"Специалист-технолог по производству моющих и чистящих средств биотехнологическим методом"	"1049н от 21.12.2015"	""	""
"482"	"756"	"26.010"	"Химическое, химико-технологическое производство"	"Организация производства энергоносителей и тепловой энергии из возобновляемого сырья биотехнологическим методом"	"Специалист по организации производства в сфере биоэнергетики и биотоплива"	"1047н от 21.12.2015"	""	""
"483"	"763"	"26.011"	"Химическое, химико-технологическое производство"	"Производство энергоносителей из возобновляемого сырья биотехнологическим методом"	"Специалист - технолог в области биоэнергетических технологий"	"1054н от 21.12.2015"	""	""
"484"	"791"	"26.013"	"Химическое, химико-технологическое производство"	"Контроль качества производства биопрепаратов для растениеводства"	"Специалист по контролю качества биотехнологического производства препаратов для растениеводства"	"1043н от 21.12.2015"	""	""
"485"	"799"	"26.014"	"Химическое, химико-технологическое производство"	"Разработка, сопровождение и интеграция технологических процессов и производств в области биотехнических систем и технологий"	"Специалист в области разработки, сопровождения и интеграции технологических процессов и производств в области биотехнических систем и технологий"	"1157н от 28.12.2015"	""	""
"486"	"292"	"20.001"	"Электроэнергетика"	"Оперативное управление работой смены тепловой электростанции (ТЭС)"	"Работник по оперативному управлению объектами тепловой электростанции"	"1038н от 15.12.2014"	""	""
"487"	"493"	"20.010"	"Электроэнергетика"	"Оперативная эксплуатация и обслуживание аккумуляторного оборудования тепловой электростанции (далее ТЭС)"	"Работник по эксплуатации аккумуляторного оборудования тепловой электростанции"	"452н от 14.06.2015"	""	""
"488"	"494"	"20.011"	"Электроэнергетика"	"Оперативная эксплуатация и обслуживание электролизных установок тепловой электростанции (далее ТЭС)"	"Работник по эксплуатации электролизных установок тепловой электростанции"	"453н от 14.07.2015"	""	""
"489"	"495"	"20.012"	"Электроэнергетика"	"Организационное и техническое обеспечение эксплуатации электротехнического оборудования тепловой электростанции (ТЭС)"	"Работник по организации эксплуатации электротехнического оборудования тепловой электростанции"	"428н от 06.07.2015"	""	""
"490"	"535"	"20.013"	"Электроэнергетика"	"Оперативная эксплуатация и обслуживание компрессорного оборудования тепловой электростанции (ТЭС)"	"Работник по эксплуатации компрессорных установок тепловой электростанции"	"619н от 09.09.2015"	""	""
"491"	"548"	"20.014"	"Электроэнергетика"	"Организационное и техническое обеспечение эксплуатации тепломеханического оборудования тепловой электростанции (ТЭС)"	"Работник по организации эксплуатации тепломеханического оборудования тепловой электростанции"	"607н от 08.09.2015"	""	""
"492"	"551"	"20.015"	"Электроэнергетика"	"Оперативная эксплуатация тепломеханического оборудования тепловой электростанции (далее ТЭС)"	"Работник по эксплуатации тепломеханического оборудования тепловой электростанции"	"630н от 14.09.2015"	""	""
"493"	"560"	"20.016"	"Электроэнергетика"	"Оперативная эксплуатация электротехнического оборудования тепловой электростанции (ТЭС)"	"Работник по эксплуатации электротехнического оборудования тепловой электростанции"	"690н от 05.10.2015"	""	""
"494"	"666"	"20.017"	"Электроэнергетика"	"Осуществление процессов водоочистки и водоподготовки"	"Работник по химической водоподготовке котлов"	"1130н от 24.12.2015"	""	""
"495"	"760"	"20.018"	"Электроэнергетика"	"Мониторинг и диагностика оборудования и систем гидроэлектростанций/ гидроаккумулирующих электростанций (ГЭС/ГАЭС)"	"Работник по мониторингу и диагностике оборудования и систем гидроэлектростанций/гидроаккумулирующих электростанций"	"1059н от 21.12.2015"	""	""
"496"	"766"	"20.019"	"Электроэнергетика"	"Мониторинг и диагностика сооружений гидроэлектростанций/ гидроаккумулирующих электростанций (ГЭС/ГАЭС)"	"Работник по мониторингу и диагностике сооружений гидроэлектростанций/ гидроаккумулирующих электростанций"	"1121н от 24.12.2015"	""	""
"497"	"768"	"20.020"	"Электроэнергетика"	"Ремонт гидротурбинного и гидромеханического оборудования гидроэлектростанций/ гидроаккумулирующих электростанций (ГЭС/ ГАЭС)"	"Работник по ремонту гидротурбинного и гидромеханического оборудования гидроэлектростанций/ гидроаккумулирующих электростанций"	"1058н от 21.12.2015"	""	""
"498"	"773"	"20.021"	"Электроэнергетика"	"Ремонт гидротехнических сооружений (ГТС) гидроэлектростанций/ гидроаккумулирующих электростанций (ГЭС/ГАЭС)"	"Работник по ремонту гидротехнических сооружений гидроэлектростанций/ гидроаккумулирующих электростанций"	"1120н от 24.12.2015"	""	""
"499"	"782"	"20.023"	"Электроэнергетика"	"Расчет режимов тепловых сетей"	"Работник по расчету режимов тепловых сетей"	"1072н от 21.12.2015"	""	""
"500"	"788"	"20.024"	"Электроэнергетика"	"Ремонт оборудования, трубопроводов и арматуры тепловых сетей"	"Работник по ремонту оборудования, трубопроводов и арматуры тепловых сетей"	"1069н от 21.12.2015"	""	""
"501"	"790"	"20.025"	"Электроэнергетика"	"Эксплуатация оборудования, трубопроводов и арматуры тепловых сетей"	"Работник по эксплуатации оборудования, трубопроводов и арматуры тепловых сетей"	"1164н от 28.12.2015"	""	""
"502"	"796"	"20.026"	"Электроэнергетика"	"Ремонт электротехнического оборудования (ЭТО) гидроэлектростанций/ гидроаккумулирующих электростанций (ГЭС/ГАЭС)"	"Работник по ремонту электротехнического оборудования гидроэлектростанций/ гидроаккумулирующих электростанций"	"1119н от 24.12.2015"	""	""
"503"	"805"	"20.027"	"Электроэнергетика"	"Диагностика оборудования электрических сетей методами химического анализа"	"Работник по диагностике оборудования электрических сетей методами химического анализа"	"1161н от 28.12.2015"	""	""
"504"	"806"	"20.029"	"Электроэнергетика"	"Обслуживание и ремонт оборудования связи электрических сетей"	"Работник по обслуживанию и ремонту оборудования связи электрических сетей"	"1176н от 29.12.2015"	""	""
"505"	"807"	"20.029"	"Электроэнергетика"	"Метрологическое обеспечение деятельности по передаче и распределению электроэнергии"	"Работник по метрологическому обеспечению деятельности по передаче и распределению электроэнергии"	"1160н от 28.12.2015"	""	""
"506"	"808"	"20.030"	"Электроэнергетика"	"Техническое обслуживание и ремонт кабельных линий электропередачи"	"Работник по техническому обслуживанию и ремонту кабельных линий электропередачи"	"1165н от 28.12.2015"	""	""
"507"	"826"	"20.031"	"Электроэнергетика"	"Техническое обслуживание и ремонт воздушных линий электропередачи"	"Работник по техническому обслуживанию и ремонту воздушных линий электропередачи"	"1178н от 29.12.2015"	""	""
"508"	"828"	"20.032"	"Электроэнергетика"	"Обслуживание оборудования подстанций электрических сетей"	"Работник по обслуживанию оборудования подстанций электрических сетей"	"1177н от 29.12.2015"	""	""
"509"	"832"	"20.033"	"Электроэнергетика"	"Управление качеством производственных активов гидроэнергетических объектов (гидроэлектростанций/ гидроаккумулирующих электростанций (ГЭС/ГАЭС))"	"Работник по управлению качеством производственных активов гидроэнергетических объектов (гидроэлектростанций/ гидроаккумулирующих электростанций)"	"45н от 10.02.2016"	""	""
"510"	"31"	"40.010"	"Сквозные виды профессиональной деятельности"	"Технический контроль качества продукции"	"Специалист по техническому контролю качества продукции"	"123н от 04.03.2014"	""	""
"511"	"761"	"30.021"	"Судостроение"	"Разметочные работы в сфере судостроения и судоремонта"	"Разметчик судовой"	"1011н от 11.12.2015"	""	""
"512"	"89"	"16.018"	"Строительство и жилищно-коммунальное хозяйство"	"Управление многоквартирным домом"	"Специалист по управлению многоквартирным домом"	"236н от 11.04.2014"	""	""
"513"	"126"	"13.007"	"Сельское хозяйство"	"Предоставление услуг по искусственному осеменению животных и птиц с использованием различных методов"	"Оператор по искусственному осеменению"	"358н от 04.07.2014"	""	""
"514"	"1"	"01.001"	"Образование и наука"	"Дошкольное образование Начальное общее образованиеОсновное общее образованиеСреднее общее образование"	"Педагог (педагогическая деятельность в дошкольном, начальном общем, основном общем, среднем общем образовании) (воспитатель, учитель)"	"544н от 08.10.2015"	""	""
"515"	"2"	"40.001"	"Сквозные виды профессиональной деятельности"	"Создание и охрана интеллектуальной собственности, защита и введение в оборот прав на нее"	"Специалист по патентоведению"	"570н от 22.10.2013"	""	""
"516"	"4"	"06.001"	"Связь, информационные и коммуникационные технологии"	"Разработка программного обеспечения"	"Программист"	"679н от 18.11.2013"	""	""
"517"	"121"	"13.005"	"Сельское хозяйство"	"Эксплуатация мелиоративных объектов и реализация природоохранных мероприятий"	"Специалист по агромелиорации"	"341н от 21.05.2014"	""	""
"518"	"122"	"11.006"	"Средства массовой информации, издательство и полиграфия"	"Редактирование и подготовка материалов к публикации в средствах массовой информации (СМИ)"	"Редактор средств массовой информации"	"538н от 04.08.2014"	""	""
"519"	"130"	"24.022"	"Атомная промышленность"	"Эксплуатационное обслуживание турбинного оборудования"	"Машинист-обходчик турбинного оборудования"	"532н от 04.08.2014"	""	""
"520"	"132"	"13.008"	"Сельское хозяйство"	"Выращивание овощей в открытом и защищенном грунте"	"Овощевод"	"525н от 04.08.2014"	""	""
"521"	"219"	"30.004"	"Судостроение"	"Выполнение работ по приданию деталям требуемой формы при постройке и ремонте морских и речных судов, плавучих конструкций и их составных частей"	"Гибщик судовой"	"981н от 08.12.2014"	""	""
"522"	"229"	"30.006"	"Судостроение"	"Погрузочные и разгрузочные работы в судоремонтной и судостроительной промышленности"	"Такелажник судовой"	"986н от 08.12.2014"	""	""
"523"	"235"	"30.010"	"Судостроение"	"Технологическое обеспечение производства, обслуживания, ремонта и модернизации судов, плавучих конструкций и их составных частей"	"Инженер-технолог в области судостроения"	"877н от 11.11.2014"	""	""
"524"	"244"	"16.025"	"Строительство и жилищно-коммунальное хозяйство"	"Организация строительного производства"	"Организатор строительного производства"	"930н от 21.11.2014"	""	""
"525"	"102"	"06.005"	"Связь, информационные и коммуникационные технологии"	"Разработка, проектирование, исследование и эксплуатация радиоэлектронных средств и радиоэлектронных систем различного назначения"	"Инженер-радиоэлектронщик"	"315н от 19.05.2014"	""	""
"526"	"138"	"13.010"	"Сельское хозяйство"	"Эксплуатация машин и оборудования животноводческих комплексов и механизированных ферм"	"Оператор животноводческих комплексов и механизированных ферм"	"523н от 04.08.2014"	""	""
"527"	"142"	"13.013"	"Сельское хозяйство"	"Производственно-технологическая деятельность в области садоводства"	"Садовод"	"527н от 04.08.2014"	""	""
"528"	"148"	"06.013"	"Связь, информационные и коммуникационные технологии"	"Создание и управление информационными ресурсами в сети Интернет"	"Специалист по информационным ресурсам"	"629н от 08.09.2014"	""	""
"529"	"150"	"15.008"	"Рыбоводство и рыболовство"	"Управление водными биоресурсами"	"Ихтиолог"	"543н от 04.08.2014"	""	""
"530"	"155"	"04.003"	"Культура, искусство"	"Деятельность по хранению музейных предметов и музейных коллекций в музеях всех видов"	"Хранитель музейных ценностей"	"537н от 04.08.2014"	""	""
"531"	"165"	"40.032"	"Сквозные виды профессиональной деятельности"	"Наладка электроэрозионных станков с числовым программным управлением (ЧПУ), обработка деталей"	"Оператор-наладчик электроэрозионных станков с числовым программным управлением"	"624н от 08.09.2014"	""	""
"532"	"169"	"21.001"	"Легкая и текстильная промышленность"	"Промышленный дизайн детской игровой среды и продукции"	"Дизайнер детской игровой среды и продукции"	"892н от 18.11.2014"	""	""
"533"	"170"	"15.010"	"Рыбоводство и рыболовство"	"Микробиологический контроль качества и безопасности водных биологических ресурсов, среды их обитания, технологических процессов аквакультуры и производства рыбной продукции"	"Микробиолог"	"856н от 31.10.2014"	""	""
"534"	"174"	"40.037"	"Сквозные виды профессиональной деятельности"	"Разработка технологии производства полупроводниковых элементов, приборов, включая фоточувствительные и оптоэлектронные"	"Специалист по разработке технологии производства приборов квантовой электроники и фотоники"	"446н от 10.07.2014"	""	""
"535"	"184"	"40.047"	"Сквозные виды профессиональной деятельности"	"Холодное штампование из различных материалов"	"Штамповщик"	"622н от 08.09.2014"	""	""
"536"	"193"	"13.015"	"Сельское хозяйство"	"Производственно-технологическая деятельность в области декоративного садоводства"	"Специалист в области декоративного садоводства"	"627н от 08.09.2014"	""	""
"537"	"29"	"40.009"	"Сквозные виды профессиональной деятельности"	"Слесарная обработка деталей, сборка узлов и механизмов механической, гидравлической, пневматической частей изделий машиностроения"	"Слесарь-сборщик"	"122н от 04.03.2014"	""	""
"538"	"32"	"40.011"	"Сквозные виды профессиональной деятельности"	"Проведение научно-исследовательских и опытно-конструкторских разработок"	"Специалист по научно-исследовательским и опытно-конструкторским разработкам"	"121н от 04.03.2014"	""	""
"539"	"35"	"15.001"	"Рыбоводство и рыболовство"	"Ручное и частично механизированное изготовление орудий лова"	"Изготовитель орудий лова"	"185н от 07.04.2014"	""	""
"540"	"43"	"15.002"	"Рыбоводство и рыболовство"	"Конструирование орудий рыболовства"	"Инженер-конструктор орудий промышленного лова рыбы и морепродуктов"	"209н от 07.04.2014"	""	""
"541"	"49"	"15.003"	"Рыбоводство и рыболовство"	"Организация вылова (добычи) водных биологических ресурсов рыбодобывающей организацией"	"Специалист по добыче рыбы"	"207н от 07.04.2014"	""	""
"542"	"50"	"15.004"	"Рыбоводство и рыболовство"	"Рыбоводство и предоставление услуг в этой области"	"Инженер-рыбовод"	"213н от 07.04.2014"	""	""
"543"	"51"	"15.005"	"Рыбоводство и рыболовство"	"Рыбоводство и предоставление услуг в этой области"	"Рыбовод"	"208н от 07.04.2014"	""	""
"544"	"56"	"24.013"	"Атомная промышленность"	"Техническая эксплуатация электрооборудования судов с ядерной энергетической установкой (ЯЭУ) и судов атомного технологического обслуживания (АТО)"	"Специалист электромеханической службы судов с ядерной энергетической установкой, судов атомного технологического обслуживания (рядовойсостав всех категорий)"	"204н от 07.04.2014"	""	""
"545"	"57"	"11.001"	"Средства массовой информации, издательство и полиграфия"	"Техническое обслуживание полиграфического оборудования"	"Наладчик полиграфического оборудования"	"197н от 07.04.2014"	""	""
"546"	"67"	"06.003"	"Связь, информационные и коммуникационные технологии"	"Проектно-конструкторская деятельность"	"Архитектор программного обеспечения"	"228н от 07.04.2014"	""	""
"547"	"68"	"06.004"	"Связь, информационные и коммуникационные технологии"	"Разработка и тестирование программного обеспечения"	"Специалист по тестированию в области информационных технологий"	"225н от 11.04.2014"	""	""
"548"	"82"	"25.010"	"Ракетно-космическая промышленность"	"Технологическая подготовка и сопровождение производства космических аппаратов и систем"	"Инженер-технолог по изготовлению космических аппаратов и систем"	"244н от 11.04.2014"	""	""
"549"	"250"	"40.062"	"Сквозные виды профессиональной деятельности"	"Профессиональная деятельность в области управления качеством продукции(услуг)"	"Специалист по качеству продукции"	"856н от 31.10.2014"	""	""
"550"	"257"	"40.063"	"Сквозные виды профессиональной деятельности"	"Сопровождение процесса производства на инжекционно-литьевой машине (термопластавтомате) деталей и изделий из полимеров (пластмасс)"	"Оператор инжекционно-литьевой машины (термопластавтомата)"	"895н от 18.11.2014"	""	""
"551"	"261"	"16.027"	"Строительство и жилищно-коммунальное хозяйство"	"Выполнение механизированных работ с применением бульдозера в условиях строительства, обслуживания и ремонта автомобильных дорог, аэродромов, гидротехнических, трубопроводных и других сооружений"	"Машинист бульдозера"	"984н от 08.12.2014"	""	""
"552"	"325"	"21.003"	"Легкая и текстильная промышленность"	"Маркетинг в области детских товаров"	"Специалист в области маркетинга детских товаров"	"1176н от 26.12.2014"	""	""
"553"	"329"	"11.010"	"Средства массовой информации, издательство и полиграфия"	"Деятельность по созданию фотографического изображения с помощью специальных технических средств"	"Фотограф"	"1077н от 22.12.2014"	""	""
"554"	"331"	"16.040"	"Строительство и жилищно-коммунальное хозяйство"	"Бестраншейная прокладка подземных инженерных коммуникаций при помощи специализированных мобильных буровых установок горизонтального направленного бурения (далее - ГНБ)"	"Оператор комплекса горизонтального направленного бурения в строительстве"	"1073н от 22.12.2014"	""	""
"555"	"338"	"20.002"	"Электроэнергетика"	"Эксплуатация оборудования автоматизированных систем управления технологическим процессом гидроэлектростанции/ гидроаккумулирующей электростанции"	"Работник по эксплуатации оборудования автоматизированных систем управления технологическим процессом гидроэлектростанции/ гидроаккумулирующей электростанции"	"1118н от 25.12.2014"	""	""
"556"	"355"	"20.005"	"Электроэнергетика"	"Эксплуатация оборудования технологической автоматики и возбуждения гидроэлектростанции/ гидроаккумулирующей электростанции"	"Работник по эксплуатации оборудования технологической автоматики и возбуждения гидроэлектростанции/ гидроаккумулирующей электростанции"	"1121н от 25.12.2014"	""	""
"557"	"360"	"16.049"	"Строительство и жилищно-коммунальное хозяйство"	"Обслуживание систем инженерно-технического обеспечения зданий и сооружений с применением диспетчерского контроля"	"Диспетчер аварийно-диспетчерской службы"	"1120н от 25.12.2014"	""	""
"558"	"372"	"23.025"	"Деревообрабатывающая и целлюлозно-бумажная промышленность, мебельное производство"	"Резка рулонной бумаги на листы с последующей их упаковкой на автоматической линии"	"Оператор автоматических линий по резке и упаковке листовых бумаг"	"1129н от 25.12.2014"	""	""
"559"	"379"	"23.031"	"Деревообрабатывающая и целлюлозно-бумажная промышленность, мебельное производство"	"Ведение процесса сжигания черного щелока в содорегенерационных агрегатах и содовых печах"	"Содовщик"	"1131н от 25.12.2014"	""	""
"560"	"382"	"40.078"	"Сквозные виды профессиональной деятельности"	"Выполнение токарных работ"	"Токарь"	"1128н от 25.12.2014"	""	""
"561"	"394"	"23.039"	"Деревообрабатывающая и целлюлозно-бумажная промышленность, мебельное производство"	"Разработка и выбор технологических процессов по отделке деталей и изделий мебели из древесных материалов"	"Специалист по отделке деталей и изделий мебели из древесных материалов"	"1186н от 26.12.2014"	""	""
"562"	"405"	"19.010"	"Добыча, переработка, транспортировка нефти и газа"	"Транспортирование природного газа по магистральным газопроводам"	"Специалист по транспортировке по трубопроводам газа"	"1168н от 26.12.2014"	""	""
"563"	"409"	"20.007"	"Электроэнергетика"	"Планирование водно-энергетических, электроэнергетических и гидрологических режимов работы гидроэлектростанций/ гидроаккумулирующих электростанций"	"Работник по планированию режимов гидроэлектростанций/ гидроаккумулирующих электростанций"	"173н от 19.03.2015"	""	""
"564"	"463"	"24.031"	"Атомная промышленность"	"Организация и проведение работ по обеспечению ядерной безопасности в процессе эксплуатации АС, связанных с учетом и контролем ядерных материалов"	"Специалист в области учета и контроля ядерных материалов в области атомной энергетики"	"293н от 14.05.2015"	""	""
"565"	"475"	"24.034"	"Атомная промышленность"	"Организация технической эксплуатации плавучих атомных станций (ПАТЭС)"	"Техник по документации плавучей атомной станции"	"279н от 07.05.2015"	""	""
"566"	"476"	"24.035"	"Атомная промышленность"	"Управление организацией, функционирующей в области использования атомной энергии"	"Руководитель управляющей организации в атомной отрасли"	"516н от 27.07.2015"	""	""
"567"	"482"	"33.009"	"Сервис, оказание услуг населению (торговля, техническое обслуживание, ремонт, предоставление персональных услуг, услуги гостеприимства, общественное питание и пр.)"	"Организация похорон и предоставление связанных с ними услуг"	"Специалист в области похоронного дела"	"278н от 07.05.2015"	""	""
"568"	"612"	"25.031"	"Ракетно-космическая промышленность"	"Сборка автоматических космических аппаратов (АКА) и их компонентов"	"Слесарь-сборщик автоматических космических аппаратов"	"953н от 02.12.2015"	""	""
"569"	"726"	"23.048"	"Деревообрабатывающая и целлюлозно-бумажная промышленность, мебельное производство"	"Регенерация сульфатных щелоков и известкового шлама"	"Оператор установок по регенерации сульфатных щелоков"	"1097н от 21.12.2015"	""	""
"570"	"742"	"40.131"	"Сквозные виды профессиональной деятельности"	"Выполнение токарно-револьверных работ"	"Токарь-револьверщик"	"1132н от 24.12.2015"	""	""
"571"	"776"	"16.076"	"Строительство и жилищно-коммунальное хозяйство"	"Переработка твердых бытовых отходов (ТБО)"	"Работник цеха по сортировке твердых бытовых отходов"	"1060н от 21.12.2015"	""	""
"572"	"778"	"16.078"	"Строительство и жилищно-коммунальное хозяйство"	"Эксплуатация домовых газовых сетей и оборудования"	"Рабочий по эксплуатации газовых сетей и оборудования домохозяйства"	"1081н от 21.12.2015"	""	""
"573"	"781"	"20.022"	"Электроэнергетика"	"Оперативное управление тепловыми сетями"	"Работник по оперативному управлению тепловыми сетями"	"1162н от 28.12.2015"	""	""
"574"	"247"	"40.060"	"Сквозные виды профессиональной деятельности"	"Профессиональная деятельность в области сертификации продукции (услуг)"	"Специалист по сертификации продукции"	"837н от 31.10.2014"	""	""
"575"	"352"	"20.003"	"Электроэнергетика"	"Эксплуатация оборудования релейной защиты и противоаварийной автоматики гидроэлектростанции/ гидроаккумулирующей электростанции"	"Работник по эксплуатации оборудования релейной защиты и противоаварийной автоматики гидроэлектростанций/ гидроаккумулирующих электростанций"	"1188н от 26.12.2014"	""	""
"576"	"216"	"30.003"	"Судостроение"	"Контроль технологии и качества выполняемых работ в ходе строительства и ремонта судов, плавучих конструкций и их составных частей"	"Контролер судокорпусных, судомонтажных и трубопроводных работ"	"680н от 09.10.2014"	""	""
"577"	"228"	"30.005"	"Судостроение"	"Выполнение работ по сборке, установке, ремонту и демонтажу судовой мебели и сопутствующих конструкций судов, плавучих конструкций"	"Столяр судовой"	"1059н от 22.12.2014"	""	""
"578"	"230"	"30.007"	"Судостроение"	"Изготовление и ремонт судовых трубопроводов"	"Трубопроводчик судовой"	"756н от 22.10.2014"	""	""
"579"	"231"	"30.008"	"Судостроение"	"Слесарные ремонтные работы на судах и плавучих конструкциях"	"Слесарь-судоремонтник"	"980н от 08.12.2014"	""	""
"580"	"236"	"30.011"	"Судостроение"	"Судостроение и судоремонт судов и плавучих конструкций"	"Сборщик-достройщик судовой"	"757н от 22.10.2014"	""	""
"581"	"471"	"20.009"	"Электроэнергетика"	"Эксплуатация оборудования связи и телемеханики гидроэлектростанции/ гидроаккумулирующей электростанции"	"Работник по эксплуатации оборудования связи и телемеханики гидроэлектростанций/ гидроаккумулирующих электростанций"	"367н от 08.06.2015"	""	""
"582"	"500"	"40.094"	"Сквозные виды профессиональной деятельности"	"Выполнение работ по нанесению на детали и изделия защитных, защитно-декоративных и специальных покрытий методом гальваностегии и гальванопластики, а также нанесение окисных покрытий химическим и электрохимическим способами"	"Гальваник"	"451н от 14.07.2015"	""	""
"583"	"553"	"08.025"	"Финансы и экономика"	"Деятельность по определению стоимостей (цен), оценка объектов гражданских прав, обязательств, убытков"	"Специалист в оценочной деятельности"	"539н от 04.08.2015"	""	""
"584"	"205"	"30.002"	"Судостроение"	"Малярные работы на судах, плавучих конструкциях и их составных частях"	"Маляр судовой"	"679н от 09.10.2014"	""	""
"585"	"237"	"30.012"	"Судостроение"	"Сборка и ремонт корпусов металлических судов"	"Сборщик корпусов металлических судов"	"890н от 18.11.2014"	""	""
"586"	"238"	"30.013"	"Судостроение"	"Эксплуатационно-ремонтная деятельность на судах и плавучих конструкциях"	"Слесарь-монтажник судовой"	"982н от 08.12.2014"	""	""
"587"	"677"	"40.115"	"Сквозные виды профессиональной деятельности"	"Организация и контроль производства (изготовления, монтажа, ремонта, реконструкции) конструкций (изделий, продукции) с применением сварки и родственных процессов"	"Специалист сварочного производства"	"975н от 03.12.2015"	""	""
"588"	"509"	"01.002"	"Образование и наука"	"Деятельность по психолого-педагогическому сопровождению образовательного процесса"	"Педагог-психолог (психолог в сфере образования)"	"514н от 24.07.2015"	""	""
"589"	"100"	"17.007"	"Транспорт"	"Контроль состояния железнодорожного пути"	"Работник по контролю за состоянием железнодорожного пути"	"310н от 14.05.2014"	""	""
"590"	"103"	"25.012"	"Ракетно-космическая промышленность"	"Баллистическое обеспечение испытаний космических средств (средств выведения, орбитальных средств)"	"Специалист по баллистическому обеспечению испытаний космических средств"	"319н от 19.05.2014"	""	""
"591"	"232"	"30.029"	"Судостроение"	"Изоляция и ремонт изоляции систем и оборудования судов, плавучих конструкций и их составных частей"	"Изолировщик судовой"	"759н от 30.10.2014"	""	""
"592"	"40"	"24.004"	"Атомная промышленность"	"Ремонт основного и вспомогательного реакторно-турбинного оборудования (РТО)"	"Слесарь по ремонту реакторно-турбинного оборудования"	"189н от 07.04.2014"	""	""
"593"	"42"	"06.002"	"Связь, информационные и коммуникационные технологии"	"Оказание услуг почтовой связи (прием, обработка, пересылка, вручение почтовых отправлений, периодической печати, почтовых переводов денежных средств и др.)"	"Специалист почтовой связи"	"198н от 07.04.2014"	""	""
"594"	"577"	"05.006"	"Физическая культура и спорт"	"Деятельность по обеспечению процесса сопровождения инвалидов, лиц с ограниченными возможностями здоровья и несовершеннолетних"	"Сопровождающий инвалидов, лиц с ограниченными возможностями здоровья и несовершеннолетних"	"871н от 16.11.2015"	""	""
"595"	"598"	"24.061"	"Атомная промышленность"	"Эксплуатация спецоборудования по переработке жидких радиоактивных отходов (ЖРО)"	"Оператор спецоборудования по переработке жидких радиоактивных отходов"	"776н от 26.10.2015"	""	""
"596"	"64"	"25.008"	"Ракетно-космическая промышленность"	"Испытания ракетных двигателей"	"Специалист по испытаниям ракетных двигателей"	"200н от 07.04.2014"	""	""
"597"	"6"	"03.002"	"Социальное обслуживание"	"Предоставление социальных услуг клиентам организации социального обслуживания"	"Социальный работник"	"677н от 18.11.2013"	""	""
"598"	"9"	"03.005"	"Социальное обслуживание"	"Проведение медико-социальной экспертизы"	"Специалист по медико-социальной экспертизе"	"715н от 05.12.2013"	""	""
"599"	"202"	"31.002"	"Автомобилестроение"	"Осуществление диагностики неисправностей и контроль качества монтажа узлов, агрегатов и мехатронных систем автомобиля"	"Специалист по мехатронике в автомобилестроении"	"812н от 28.10.2014"	""	""
"600"	"492"	"40.093"	"Сквозные виды профессиональной деятельности"	"Сверление, рассверливание, зенкерование и развертывание отверстий"	"Сверловщик"	"421н от 01.07.2015"	""	""
"601"	"593"	"17.025"	"Транспорт"	"Техническое обслуживание, ремонт и испытание подвижного состава железнодорожного транспорта"	"Слесарь по осмотру и ремонту подвижного состава железнодорожного транспорта"	"954н от 02.12.2015"	""	""
"602"	"657"	"40.107"	"Сквозные виды профессиональной деятельности"	"Выполнение работ по контролю соблюдения требований к выполнению сварочных работ и техническому контролю объекта (сварной конструкции)"	"Контролер сварочных работ"	"908н от 01.12.2015"	""	""
"603"	"658"	"40.108"	"Сквозные виды профессиональной деятельности"	"Выполнение работ по неразрушающему контролю (НК) контролируемых объектов (материалов и сварных соединений)"	"Специалист по неразрушающему контролю"	"976н от 03.12.2015"	""	""
"604"	"664"	"40.109"	"Сквозные виды профессиональной деятельности"	"Выполнение полностью механизированной, автоматической и роботизированной сварки"	"Сварщик-оператор полностью механизированной, автоматической и роботизированной сварки"	"916н от 01.12.2015"	""	""
"605"	"695"	"23.045"	"Деревообрабатывающая и целлюлозно-бумажная промышленность, мебельное производство"	"Проектирование и производство изделий мебели и деревообработки в условиях серийного и заказного производства"	"Специалист по системам автоматизированного проектирования вдеревообрабатывающих и мебельных производствах"	"1048н от 21.12.2015"	""	""
"606"	"724"	"23.047"	"Деревообрабатывающая и целлюлозно-бумажная промышленность, мебельное производство"	"Управление работой установок по подготовке древесины"	"Оператор установок подготовки древесины"	"1099н от 21.12.2015"	""	""
"607"	"747"	"14.005"	"Лесное хозяйство, охота"	"Выполнение лесозаготовительных работ с применением лесных тракторов со сменным рабочим оборудованием"	"Тракторист (машинист) лесного трактора со сменным рабочим оборудованием"	"1039н от 21.12.2015"	""	""
"608"	"749"	"40.132"	"Сквозные виды профессиональной деятельности"	"Техническое обслуживание и ремонт оборудования для обезвреживания отходов производства и потребления"	"Работник по ремонту оборудования для утилизации и обезвреживания медицинских и биологических отходов"	"1145н от 24.12.2015"	""	""
"609"	"497"	"25.019"	"Ракетно-космическая промышленность"	"Создание, модернизация, испытания и эксплуатация технических средств подготовки космонавтов"	"Специалист по техническим средствам подготовки космонавтов"	"419н от 01.07.2015"	""	""
"610"	"498"	"25.020"	"Ракетно-космическая промышленность"	"Испытания и эксплуатация пилотируемых космических комплексов"	"Космонавт-испытатель"	"614н от 08.09.2015"	""	""
"611"	"499"	"25.021"	"Ракетно-космическая промышленность"	"Подготовка космонавтов в гидросреде к внекорабельной деятельности (ВКД) в космическом полете; подготовка космонавтов в условиях невесомости на самолетах-лабораториях; специальная парашютная подготовка; подготовка к действиям после посадки в различных климатогеографических зонах (КГЗ)"	"Специалист по подготовке космонавтов"	"420н от 01.07.2015"	""	""
"612"	"105"	"11.003"	"Средства массовой информации, издательство и полиграфия"	"Корреспондент (репортер) в мультимедийных, печатных, теле- ирадиовещательных средствах массовой информации (СМИ)"	"Корреспондент средств массовой информации"	"339н от 21.05.2014"	""	""
"613"	"171"	"11.009"	"Средства массовой информации, издательство и полиграфия"	"Подготовка медиапродуктов средств массовой информации (СМИ) к выпуску"	"Режиссер средств массовой информации"	"626н от 08.09.2014"	""	""
"614"	"81"	"25.009"	"Ракетно-космическая промышленность"	"Создание инфраструктуры использования результатов космической деятельности (РКД)"	"Специалист по использованию результатов космической деятельности"	"240н от 11.04.2014"	""	""
"615"	"12"	"03.008"	"Социальное обслуживание"	"Предоставление психологических услуг в социальной сфере"	"Психолог в социальной сфере"	"682н от 18.11.2013"	""	""
"616"	"204"	"31.004"	"Автомобилестроение"	"Техническое обслуживание, ремонт и регулировка узлов, агрегатов и мехатронных систем для предпродажной подготовки автомобиля"	"Специалист по мехатронным системам автомобиля"	"715н от 13.10.2014"	""	""
"617"	"15"	"16.001"	"Строительство и жилищно-коммунальное хозяйство"	"Оценка соответствия лифтов и устройств безопасности лифтов требованиям безопасности"	"Специалист по оценке соответствия лифтов требованиям безопасности"	"756н от 20.12.2013"	""	""
"618"	"160"	"15.009"	"Рыбоводство и рыболовство"	"Мониторинг среды обитания водных биоресурсов и объектов аквакультуры по гидрохимическим показателям"	"Гидрохимик"	"544н от 04.08.2014"	""	""
"619"	"258"	"40.064"	"Сквозные виды профессиональной деятельности"	"Наладка инжекционно-литьевой машины (термопластавтомата) для производства деталей и изделий из полимеров (пластмасс)"	"Наладчик инжекционно-литьевой машины (термопластавтомата)"	"856н от 06.11.2014"	""	""
"620"	"287"	"25.016"	"Ракетно-космическая промышленность"	"Эксплуатация комплексов и систем заправки ракет-носителей (РН), разгонных блоков (РБ) и космических аппаратов (КА) компонентами ракетного топлива"	"Специалист по эксплуатации комплексов и систем заправки ракетносителей, разгонных блоков и космических аппаратов компонентами ракетного топлива"	"19н от 16.01.2015"	""	""
"621"	"367"	"23.020"	"Деревообрабатывающая и целлюлозно-бумажная промышленность, мебельное производство"	"Управление работой линий по производству шпона, фанеры"	"Оператор линий по производству шпона, фанеры"	"1145н от 25.12.2014"	""	""
"622"	"37"	"24.002"	"Атомная промышленность"	"Обеспечение работоспособного состояния основного и вспомогательного оборудования атомной электростанции"	"Слесарь по обслуживанию оборудования атомных электростанций"	"188н от 07.04.2014"	""	""
"623"	"437"	"20.008"	"Электроэнергетика"	"Оперативно-технологическое управление гидроэнергетическими объектами - гидроэлектростанциями/ гидроаккумулирующими электростанциями (далее ГЭС/ГАЭС)"	"Работник по оперативному управлению гидроэлектростанциями/ гидроаккумулирующими электростанциями"	"230н от 13.04.2015"	""	""
"624"	"47"	"24.009"	"Атомная промышленность"	"Управление проектами в области производстваэлектроэнергии атомными электростанциями"	"Специалист по управлению проектами и программами в области производстваэлектроэнергии атомными электростанциями"	"194н от 07.04.2014"	""	""
"625"	"52"	"15.006"	"Рыбоводство и рыболовство"	"Мониторинг среды обитания водных биологических ресурсов"	"Гидробиолог"	"206н от 07.04.2014"	""	""
"626"	"83"	"24.019"	"Атомная промышленность"	"Эксплуатационное и техническое обслуживание систем спецводоочистки и спецгазоочистки энергоблоков атомной электрической станции (АЭС)"	"Оператор спецводоочистки в атомной энергетике"	"250н от 11.04.2014"	""	""
"627"	"268"	"16.034"	"Строительство и жилищно-коммунальное хозяйство"	"Обеспечение строительного производства строительными материалами, изделиями и оборудованием"	"Специалист в области обеспечения строительного производства материаламииконструкциями"	"972н от 04.12.2014"	""	""
"628"	"274"	"40.066"	"Сквозные виды профессиональной деятельности"	"Очистка и подготовка поверхности к нанесению защитных покрытий, выполнение работ по нанесению эмали, лакокрасочных материалов, различных металлов и тугоплавких материалов различными способами"	"Рабочий по эмалированию, металлопокрытию и окраске"	"837н от 31.10.2014"	""	""
"629"	"309"	"08.002"	"Финансы и экономика"	"Деятельность в области бухгалтерского учета"	"Бухгалтер"	"1061н от 22.12.2014"	""	""
"630"	"334"	"33.001"	"Сервис, оказание услуг населению (торговля, техническое обслуживание, ремонт, предоставление персональных услуг, услуги гостеприимства, общественное питание и пр.)"	"Предоставление визажных услуг"	"Специалист по предоставлению визажных услуг"	"1080н от 22.12.2014"	""	""
"631"	"335"	"16.043"	"Строительство и жилищно-коммунальное хозяйство"	"Выполнение вспомогательных и основных работ при устройстве, ремонте и содержании автомобильных дорог, искусственных сооружений на них и тротуаров"	"Дорожный рабочий"	"1078н от 22.12.2014"	""	""
"632"	"101"	"25.011"	"Ракетно-космическая промышленность"	"Входной контроль комплектующих изделий в ракетно-космической промышленности"	"Специалист по входному контролю комплектующих изделий вракетнокосмической промышленности"	"322н от 19.05.2014"	""	""
"633"	"104"	"11.002"	"Средства массовой информации, издательство и полиграфия"	"Контроль качества печатной продукции, полуфабрикатов и материалов"	"Контролер печатной продукции, полуфабрикатов и материалов"	"326н от 19.05.2014"	""	""
"634"	"109"	"06.008"	"Связь, информационные и коммуникационные технологии"	"Организация подготовки к выпуску продукции сетевых изданий и информационных агентств"	"Специалист по производству продукции сетевых изданий и информационных агентств"	"332н от 21.05.2014"	""	""
"635"	"112"	"06.009"	"Связь, информационные и коммуникационные технологии"	"Организация продвижения и распространения продукции средств массовой информации (СМИ), включая печатные издания, телевизионные и радиопрограммы, сетевые издания"	"Специалист по продвижению и распространению продукции средствмассовойинформации"	"535н от 04.08.2014"	""	""
"636"	"113"	"11.004"	"Средства массовой информации, издательство и полиграфия"	"Ведение телепрограмм различной направленности"	"Ведущий телевизионной программы"	"534н от 04.08.2001"	""	""
"637"	"120"	"11.005"	"Средства массовой информации, издательство и полиграфия"	"Производство продукции телерадиовещательных средств массовой информации (СМИ)"	"Специалист по производству продукции телерадиовещательных средств массовой информации"	"811н от 28.10.2014"	""	""
"638"	"133"	"13.009"	"Сельское хозяйство"	"Деятельность в области производства и хранения продукции растениеводства"	"Полевод"	"522н от 04.08.2014"	""	""
"639"	"60"	"24.014"	"Атомная промышленность"	"Организация технической эксплуатации судов атомного флота"	"Специалист по организации технической эксплуатации (атомных паропроизводящих установок, ядерных энергетических установок, электромеханической службы) всех специальностей"	"202н от 07.04.2014"	""	""
"640"	"66"	"16.007"	"Строительство и жилищно-коммунальное хозяйство"	"Техническое обслуживание и ремонт технологического и вспомогательного оборудования станций водоподготовки"	"Специалист по эксплуатации станций водоподготовки"	"227н от 11.04.2014"	""	""
"641"	"72"	"24.017"	"Атомная промышленность"	"Обеспечение докового ремонта судов атомного флота"	"Специалист плавдока (докмейстер всех категорий) в области атомного флота"	"224н от 11.04.2014"	""	""
"642"	"85"	"40.016"	"Сквозные виды профессиональной деятельности"	"Проектирование устройств, приборов и систем электронной техники с учетом заданных требований; разработка проектно-конструкторской документации в соответствии с методическими и нормативными требованиями"	"Инженер в области проектирования и сопровождения интегральных схем и систем на кристалле"	"241н от 11.04.2014"	""	""
"643"	"93"	"17.003"	"Транспорт"	"Перевод централизованных стрелок на железнодорожных путях общего и необщего пользования, управление сигналами и роспуском составов на сортировочных горках железнодорожных станций"	"Оператор поста централизации, оператор сортировочной горки"	"230н от 11.04.2014"	""	""
"644"	"18"	"25.002"	"Ракетно-космическая промышленность"	"Сборка изделий точной механики (гироскопы, акселерометры) и их составных частей вракетно-космической промышленности"	"Слесарь-сборщик изделий точной механики (гироскопы, акселерометры) в ракетно-космической промышленности"	"755н от 20.12.2013"	""	""
"645"	"19"	"25.003"	"Ракетно-космическая промышленность"	"Разработка и производство приборов ориентации, навигации и стабилизации летательных аппаратов и их составных частей в ракетно-космической промышленности"	"Инженер по приборам ориентации, навигации и стабилизации летательных аппаратов в ракетно-космической промышленности"	"752н от 20.12.2013"	""	""
"646"	"20"	"16.004"	"Строительство и жилищно-коммунальное хозяйство"	"Эксплуатация, техническое обслуживание и ремонт (модернизация) лифтов"	"Специалист по эксплуатации лифтового оборудования"	"18н от 17.01.2014"	""	""
"647"	"21"	"40.003"	"Сквозные виды профессиональной деятельности"	"Производство интегральных схем, микросборок и микромодулей"	"Инженер-конструктор в области производства наногетероструктурных СВЧ-монолитных интегральных схем"	"70н от 03.02.2014"	""	""
"648"	"22"	"40.004"	"Сквозные виды профессиональной деятельности"	"Производство объемных нанометаллов, сплавов, композитов на их основе и изделий из них"	"Специалист в области технологического обеспечения полного цикла производства объемных нанометаллов, сплавов, композитов на их основе и изделий из них"	"72н от 03.02.2014"	""	""
"649"	"24"	"40.006"	"Сквозные виды профессиональной деятельности"	"Разработка, сопровождение и интеграция технологических процессов производства полупроводников с использованием нанотехнологий"	"Инженер-технолог в области производства наноразмерных полупроводниковых приборов и интегральных схем"	"71н от 03.02.2014"	""	""
"650"	"26"	"40.007"	"Сквозные виды профессиональной деятельности"	"Производство интегральных схем, микросборок и микромодулей"	"Инженер-технолог в области производства наногетероструктурных СВЧ-монолитных интегральных схем"	"69н от 03.02.2014"	""	""
"651"	"27"	"25.005"	"Ракетно-космическая промышленность"	"Разработка, запись, проверка управляющих программ, реализующих решения различных технических задач с помощью компьютерной техники, а также их сопровождение и обслуживание"	"Инженер-программист оборудования прецизионной металлообработки с программным управлением"	"85н от 11.02.2014"	""	""
"652"	"28"	"40.008"	"Сквозные виды профессиональной деятельности"	"Организация и управление научно-исследовательскими и опытно-конструкторскими разработками (НИОКР)"	"Специалист по организации и управлению научно-исследовательскими и опытно-конструкторскими работами"	"86н от 11.02.2014"	""	""
"653"	"33"	"40.012"	"Сквозные виды профессиональной деятельности"	"Метрология"	"Специалист по метрологии"	"124н от 04.03.2014"	""	""
"654"	"39"	"24.003"	"Атомная промышленность"	"Ремонт судов атомного флота"	"Специалист судоремонтного производства в области атомного флота"	"191н от 07.04.2014"	""	""
"655"	"44"	"24.006"	"Атомная промышленность"	"Эксплуатация хранилища жидких радиоактивных отходов"	"Оператор хранилища жидких радиоактивных отходов"	"211н от 07.04.2014"	""	""
"656"	"80"	"16.016"	"Строительство и жилищно-коммунальное хозяйство"	"Сбор, очистка и отвод сточных вод"	"Специалист по эксплуатации очистных сооружений водоотведения"	"232н от 11.04.2014"	""	""
"657"	"248"	"40.061"	"Сквозные виды профессиональной деятельности"	"Наладка автоматических и полуавтоматических линий, обработка деталей"	"Оператор-наладчик автоматических линий"	"868н от 06.11.2014"	""	""
"658"	"88"	"16.017"	"Строительство и жилищно-коммунальное хозяйство"	"Организация эффективных методов предоставления коммунальных ресурсов потребителям"	"Специалист по абонентному обслуживанию потребителей"	"243н от 11.04.2014"	""	""
"659"	"11"	"03.007"	"Социальное обслуживание"	"Предоставление комплексной реабилитационной помощи уязвимым категориям граждан"	"Специалист по реабилитационной работе в социальной сфере"	"681н от 18.11.2013"	""	""
"660"	"137"	"40.027"	"Сквозные виды профессиональной деятельности"	"Погрузка, разгрузка, перемещение, складирование различных грузов и участие в строительных, монтажных и ремонтно-строительных работах"	"Машинист крана"	"360н от 04.06.2014"	""	""
"661"	"139"	"11.007"	"Средства массовой информации, издательство и полиграфия"	"Оператор в сфере средств массовой информации (СМИ)"	"Оператор средств массовой информации"	"357н от 04.06.2014"	""	""
"662"	"13"	"03.009"	"Социальное обслуживание"	"Предоставление социально-психологической помощи семьям и семьям с детьми, находящимися в трудной жизненной ситуации, кризисной ситуации, социально опасном положении"	"Специалист по работе с семьей"	"683н от 18.11.2013"	""	""
"663"	"14"	"40.002"	"Сквозные виды профессиональной деятельности"	"Ручная и частично механизированная сварка (наплавка)"	"Сварщик"	"701н от 28.11.2013"	""	""
"664"	"161"	"11.008"	"Средства массовой информации, издательство и полиграфия"	"Организация технологического процесса подготовки к выпуску продукции печатных средств массовой информации (СМИ)"	"Специалист по производству продукции печатных средств массовой информации"	"533н от 04.08.2014"	""	""
"665"	"16"	"16.002"	"Строительство и жилищно-коммунальное хозяйство"	"Оценка соответствия лифтов и устройств безопасности лифтов требованиям безопасности"	"Эксперт по оценке соответствия лифтов требованиям безопасности"	"753н от 20.12.2013"	""	""
"666"	"17"	"16.003"	"Строительство и жилищно-коммунальное хозяйство"	"Техническое обслуживание и ремонт лифтов"	"Электромеханик по лифтам"	"754н от 20.12.2013"	""	""
"667"	"207"	"06.021"	"Связь, информационные и коммуникационные технологии"	"Монтаж и эксплуатация антенно-мачтовых сооружений (АМС) и антенно-фидерных систем (АФС)"	"Антенщик-мачтовик"	"687н от 10.10.2014"	""	""
"668"	"239"	"24.025"	"Атомная промышленность"	"Эксплуатация и техническое обслуживание транспортно-технологического оборудования реакторного отделения (ТТО ТО) реакторной установки (РУ)"	"Оператор транспортно-технологического оборудования реакторного отделения"	"876н от 11.11.2014"	""	""
"669"	"3"	"03.001"	"Социальное обслуживание"	"Деятельность по планированию, организации, контролю и реализации социальных услуг и мер социальной поддержки населения"	"Специалист по социальной работе"	"571н от 22.10.2013"	""	""
"670"	"7"	"03.003"	"Социальное обслуживание"	"Управление организацией социального обслуживания"	"Руководитель организации социального обслуживания"	"678н от 18.11.2013"	""	""
"671"	"485"	"16.061"	"Строительство и жилищно-коммунальное хозяйство"	"Монтажные работы в строительстве (работы по монтажу наружных трубопроводов инженерных сетей)"	"Монтажник наружных трубопроводов инженерных сетей"	"253н от 27.04.2015"	""	""
"672"	"508"	"02.002"	"Здравоохранение"	"Медико-профилактическая деятельность"	"Специалист в области медико-профилактического дела"	"399н от 25.06.2015"	""	""
"673"	"567"	"24.057"	"Атомная промышленность"	"Деятельность по обеспечению работоспособности атомных электростанций"	"Специалист в области информационных технологий на атомных станциях (разработка и сопровождение программного обеспечения)"	"779н от 27.10.2015"	""	""
"674"	"576"	"25.023"	"Ракетно-космическая промышленность"	"Проектирование и конструирование систем жизнеобеспечения, терморегулирования, агрегатов пневмогидравлических систем пилотируемых космических кораблей, станций и комплексов"	"Специалист по проектированию и конструированию систем жизнеобеспечения, терморегулирования, агрегатов пневмогидравлических систем пилотируемых космических кораблей, станций и комплексов"	"780н от 27.10.2015"	""	""
"675"	"585"	"17.018"	"Транспорт"	"Техническое обслуживание и ремонт аппаратуры, устройств и сооружений железнодорожной электросвязи"	"Работник по техническому обслуживанию и текущему ремонту аппаратуры и устройств железнодорожной электросвязи"	"992н от 03.12.2015"	""	""
"676"	"625"	"27.026"	"Металлургическое производство"	"Нагрев металла перед обработкой давлением"	"Нагревальщик металла"	"1001н от 03.12.2015"	""	""
"677"	"645"	"27.046"	"Металлургическое производство"	"Организация производства тяжелых цветных металлов гидрометаллургическим способом"	"Специалист по гидрометаллургическому производству тяжелых цветных металлов"	"974н от 03.12.2015"	""	""
"678"	"654"	"27.054"	"Металлургическое производство"	"Организация технологических процессов производства электросварных труб"	"Специалист по производству электросварных труб"	"959н от 02.12.2015"	""	""
"679"	"690"	"17.034"	"Транспорт"	"Выполнение работ по ремонту и техническому содержанию искусственных сооружений железнодорожного транспорта"	"Ремонтник искусственных сооружений железнодорожного транспорта"	"942н от 02.12.2015"	""	""
"680"	"714"	"40.123"	"Сквозные виды профессиональной деятельности"	"Транспортировка и хранение биохимической продукции"	"Специалист по транспортировке, складированию и хранению биохимической продукции"	"1044н от 21.12.2015"	""	""
"681"	"727"	"23.049"	"Деревообрабатывающая и целлюлозно-бумажная промышленность, мебельное производство"	"Управление работой оборудования для производства древесной массы на дефибрерных установках"	"Оператор установок производства древесной массы на дефибрерах"	"1087н от 21.12.2015"	""	""
"682"	"825"	"05.010"	"Физическая культура и спорт"	"Подготовка и проведение профилактической работы, направленной на предотвращение антидопинговых нарушений"	"Специалист по антидопинговому обеспечению"	"73н от 18.02.2016"	""	""
"683"	"337"	"19.006"	"Добыча, переработка, транспортировка нефти и газа"	"Выполнение механизированных работ с применением буровой установки"	"Машинист буровой установки"	"1093н от 22.12.2014"	""	""
"684"	"341"	"23.012"	"Деревообрабатывающая и целлюлозно-бумажная промышленность, мебельное производство"	"Контроль качества продукции на деревообрабатывающем производстве"	"Контролер качества продукции деревообрабатывающих производств (клееный щит, клееный брус, профильный погонаж)"	"1070н от 22.12.2014"	""	""
"685"	"345"	"16.044"	"Строительство и жилищно-коммунальное хозяйство"	"Выполнение бетонных работ"	"Бетонщик"	"74н от 10.02.2015"	""	""
"686"	"354"	"20.004"	"Электроэнергетика"	"Эксплуатация оборудования и метрологическое обеспечение средств измерений информационно-измерительных систем гидроэлектростанции/ гидроаккумулирующей электростанции"	"Работник по эксплуатации средств измерений и метрологическому обеспечению информационно-измерительных систем гидроэлектростанций/ гидроаккумулирующих электростанций"	"18н от 16.01.2015"	""	""
"687"	"356"	"20.006"	"Электроэнергетика"	"Эксплуатация грузоподъемных механизмов гидроэлектростанций/ гидроаккумулирующих электростанций"	"Работник по эксплуатации грузоподъемных механизмов гидроэлектростанций/ гидроаккумулирующих электростанций"	"1125н от 25.12.2014"	""	""
"688"	"358"	"33.004"	"Сервис, оказание услуг населению (торговля, техническое обслуживание, ремонт, предоставление персональных услуг, услуги гостеприимства, общественное питание и пр.)"	"Предоставление парикмахерских услуг"	"Специалист по предоставлению парикмахерских услуг"	"1134н от 25.12.2014"	""	""
"689"	"364"	"23.017"	"Деревообрабатывающая и целлюлозно-бумажная промышленность, мебельное производство"	"Контроль качества продукции лесопильного производства и сушки древесины"	"Контролер качества продукции лесопильного производства и сушки древесины"	"1133н от 25.12.2014"	""	""
"690"	"373"	"23.026"	"Деревообрабатывающая и целлюлозно-бумажная промышленность, мебельное производство"	"Контроль качества продукции в фанерном производстве и производстве древесных плит"	"Контролер качества в производстве шпона, фанеры и древесных плит"	"1143н от 25.12.2014"	""	""
"691"	"376"	"23.028"	"Деревообрабатывающая и целлюлозно-бумажная промышленность, мебельное производство"	"Сушка целлюлозы, бумаги и картона на пресспате, бумагоделательной и картоноделательной машинах"	"Сушильщик пресспата, бумагоделательной и картоноделательной машин"	"1132н от 25.12.2014"	""	""
"692"	"387"	"23.037"	"Деревообрабатывающая и целлюлозно-бумажная промышленность, мебельное производство"	"Контроль качества изделий в мебельном производстве"	"Контролер качества изделий в производстве мебели"	"1170н от 26.12.2014"	""	""
"693"	"397"	"40.085"	"Сквозные виды профессиональной деятельности"	"Термическая обработка"	"Специалист по контролю качества термического производства"	"1140н от 25.12.2014"	""	""
"694"	"423"	"02.001"	"Здравоохранение"	"Врачебная практика в области педиатрии"	"Специалист по педиатрии"	"400н от 25.06.2015"	""	""
"695"	"845"	"20.035"	"Электроэнергетика"	"Оперативно-диспетчерское управление в электроэнергетике"	"Работник по осуществлению функций диспетчера в сфере оперативно-диспетчерского управления в электроэнергетике"	"551н от 29.09.2016"	""	""
"696"	"849"	"16.094"	"Строительство и жилищно-коммунальное хозяйство"	"Производство изделий из наноструктурированных изоляционных материалов"	"Специалист по производству изделий из наноструктурированных изоляционных материалов"	"530н от 19.09.2016"	""	""
"697"	"853"	"16.095"	"Строительство и жилищно-коммунальное хозяйство"	"Производство бетонов с наноструктурирующими компонентами"	"Специалист в области производства бетонов с наноструктурирующими компонентами"	"529н от 19.09.2016"	""	""
"698"	"854"	"16.096"	"Строительство и жилищно-коммунальное хозяйство"	"Проектирование состава бетонов с наноструктурирующими компонентами"	"Инженер-технолог в области анализа, разработки и испытаний бетонов с наноструктурирующими компонентами"	"504н от 13.09.2016"	""	""
"699"	"855"	"16.097"	"Строительство и жилищно-коммунальное хозяйство"	"Производство водно-дисперсионных наноструктурированных лаков и красок"	"Специалист в области производства наноструктурированных лаков и красок"	"518н от 15.09.2016"	""	""
"700"	"856"	"16.098"	"Строительство и жилищно-коммунальное хозяйство"	"Разработка и испытания наноструктурированных лаков и красок с заданными свойствами"	"Инженер-технолог в области анализа, разработки и испытаний наноструктурированных лаков и красок"	"523н от 15.09.2016"	""	""
"701"	"708"	"40.118"	"Сквозные виды профессиональной деятельности"	"Испытания инновационной продукции наноиндустрии"	"Специалист по испытаниям инновационной продукции наноиндустрии"	"517н от 15.09.2016"	""	""
"702"	"816"	"13.021"	"Сельское хозяйство"	"Производство винодельческой продукции"	"Винодел"	"505н от 13.09.2016"	""	""
"703"	"843"	"06.033"	"Связь, информационные и коммуникационные технологии"	"Обеспечение безопасности информации в автоматизированных системах"	"Специалист по защите информации в автоматизированных системах"	"522н от 15.09.2016"	""	""
"704"	"848"	"29.005"	"Производств электрооборудования, электронного и оптического оборудования"	"Технология производства изделий микро- и наноэлектроники по принципу «система в корпусе»"	"Специалист по технологии производства систем в корпусе"	"528н от 19.09.2016"	""	""
"705"	"850"	"29.006"	"Производств электрооборудования, электронного и оптического оборудования"	"Проектирование изделий микро- и наноэлектроники типа «система в корпусе»"	"Специалист по проектированию систем в корпусе"	"519н от 15.09.2016"	""	""
"706"	"851"	"29.007"	"Производств электрооборудования, электронного и оптического оборудования"	"Проектирование и разработка устройств, приборов на основе микро- и наноразмерных электромеханических систем"	"Специалист по проектированию микро- и наноразмерных электромеханических систем"	"521н от 15.09.2016"	""	""
"707"	"852"	"29.008"	"Производств электрооборудования, электронного и оптического оборудования"	"Технология производства микро- и наноразмерных электромеханических систем"	"Специалист по технологии производства микро- и наноразмерных электромеханических систем"	"520н от 15.09.2016"	""	""
"708"	"921"	"27.084"	"Металлургическое производство"	"Производство огнеупоров"	"Работник по производству огнеупоров"	"84н от 26.01.2017"	""	""
"709"	"942"	"40.147"	"Сквозные виды профессиональной деятельности"	"Изготовление, эксплуатация, диагностика и настройка мехатронных устройств и систем"	"Мехатроник"	"175н от 15.02.2017"	""	""
"710"	"886"	"17.041"	"Транспорт"	"Руководство производственно-хозяйственной деятельностью разъезда, обгонного пункта, путевого поста, железнодорожной станции"	"Начальник железнодорожной станции"	"48н от 18.01.2017"	""	""
"711"	"943"	"29.009"	"Производств электрооборудования, электронного и оптического оборудования"	"Производство оптических узлов и приборов"	"Оптик-механик"	"156н от 09.02.2017"	""	""
"712"	"924"	"18.003"	"Добыча, переработка угля, руд и других полезных ископаемых"	"Управление подземным самоходным оборудованием"	"Машинист подземного самоходного оборудования"	"128н от 01.02.2017"	""	""
"713"	"981"	"16.117"	"Строительство и жилищно-коммунальное хозяйство"	"Выполнение механизированных работ с применением перегружателя асфальтобетона"	"Машинист перегружателя асфальтобетона"	"207н от 01.03.2017"	""	""
"714"	"980"	"16.116"	"Строительство и жилищно-коммунальное хозяйство"	"Выполнение механизированных работ с применением машины для укладки геосинтетических материалов в условиях строительства, ремонта и реконструкции автомобильных дорог, аэродромов и инженерных сооружений"	"Машинист машины для укладки геосинтетических материалов"	"209н от 01.03.2017"	""	""
"715"	"978"	"16.115"	"Строительство и жилищно-коммунальное хозяйство"	"Выполнение механизированных работ с применением комбинированной дорожной машины"	"Машинист комбинированной дорожной машины"	"206н от 01.03.2017"	""	""
"716"	"923"	"18.002"	"Добыча, переработка угля, руд и других полезных ископаемых"	"Ведение технологических процессов дробления и измельчения материалов"	"Машинист дробильно-помольных установок"	"148н от 08.02.2017"	""	""
"717"	"908"	"27.071"	"Металлургическое производство"	"Производство труб из цветных металлов и сплавов"	"Работник по производству труб из цветных металлов и сплавов"	"82н от 26.01.2017"	""	""
"718"	"904"	"27.067"	"Металлургическое производство"	"Производство металлических электродов"	"Работник по производству металлических электродов"	"118н от 01.02.2017"	""	""
"719"	"907"	"27.070"	"Металлургическое производство"	"Производство металлических сеток"	"Работник по производству металлических сеток"	"125н от 01.02.2017"	""	""
"720"	"906"	"27.069"	"Металлургическое производство"	"Производство канатов, корда и арматурных прядей"	"Работник по производству канатов и корда"	"77н от 26.01.2017"	""	""
"721"	"925"	"27.086"	"Металлургическое производство"	"Ведение технологических процессов производства железорудных окатышей"	"Работник по производству железорудных окатышей"	"83н от 26.01.2017"	""	""
"722"	"931"	"27.090"	"Металлургическое производство"	"Подготовка лома и отходов черных металлов для использования в металлургическом производстве"	"Работник по подготовке лома и отходов черных металлов"	"176н от 15.02.2017"	""	""
"723"	"888"	"27.058"	"Металлургическое производство"	"Правка проката и труб"	"Правильщик проката и труб"	"54н от 19.01.2017"	""	""
"724"	"920"	"27.083"	"Металлургическое производство"	"Ведение технологического процесса плавки в анодных печах"	"Плавильщик анодных печей"	"88н от 26.01.2017"	""	""
"725"	"902"	"27.065"	"Металлургическое производство"	"Управление технологическими процессами обжига рудного сырья, полупродуктов, нерудных материалов и технических изделий"	"Печевой на обжиговых печах"	"76н от 26.01.2017"	""	""
"726"	"901"	"27.064"	"Металлургическое производство"	"Отжиг полуфабрикатов и металлопродукции из цветных металлов и сплавов"	"Отжигальщик цветных металлов"	"90н от 26.01.2017"	""	""
"727"	"930"	"40.142"	"Сквозные виды профессиональной деятельности"	"Производство крепежных изделий на холодновысадочных и гайконарезных автоматах"	"Оператор холодновысадочных автоматов крепежных изделий"	"127н от 01.02.2017"	""	""
"728"	"900"	"27.063"	"Металлургическое производство"	"Ведение технологических процессов фильтрования в обогатительном, гидрометаллургическом и пирометаллургическом производствах"	"Оператор фильтр-установок"	"124н от 01.02.2017"	""	""
"729"	"898"	"27.061"	"Металлургическое производство"	"Управление процессом автогенной плавки сульфидного сырья"	"Оператор автогенной плавки сульфидного сырья"	"91н от 26.01.2017"	""	""
"730"	"918"	"27.081"	"Металлургическое производство"	"Эксплуатация анодного узла электролизера при производстве алюминия методом электролиза"	"Анодчик в производстве алюминия"	"66н от 23.01.2017"	""	""
"731"	"817"	"19.034"	"Добыча, переработка, транспортировка нефти и газа"	"Аварийно-восстановительные и ремонтные работы в газовой отрасли"	"Специалист по аварийно-восстановительным и ремонтным работам в газовой отрасли"	"220н от 01.03.2017"	""	""
"732"	"962"	"40.159"	"Сквозные виды профессиональной деятельности"	"Производство изделий методами аддитивных технологий"	"Специалист по аддитивным технологиям"	"155н от 09.02.2017"	""	""
"733"	"948"	"29.010"	"Производств электрооборудования, электронного и оптического оборудования"	"Производство электронных приборов и устройств"	"Сборщик электронных систем (специалист по электронным приборам и устройствам)"	"122н от 10.02.2017"	""	""
"734"	"882"	"06.035"	"Связь, информационные и коммуникационные технологии"	"Проектирование, разработка и интеграция информационных ресурсов в локальной сети и информационно-телекоммуникационной сети «Интернет»"	"Разработчик Web и мультимедийных приложений"	"44н от 18.01.2017"	""	""
"735"	"936"	"17.049"	"Транспорт"	"Руководство выполнением основных и сопутствующих работ по текущему содержанию и ремонту верхнего строения пути, искусственных сооружений и земляного полотна железнодорожного транспорта"	"Руководитель участка производства по текущему содержанию и ремонту верхнего строения пути, искусственных сооружений железнодорожного транспорта"	"133н от 02.02.2017"	""	""
"736"	"959"	"27.094"	"Металлургическое производство"	"Производство слитков, полуфабрикатов и изделий из цветных металлов и сплавов методами литья"	"Литейщик цветных металлов и сплавов"	"191н от 15.02.2017"	""	""
"737"	"896"	"18.001"	"Добыча, переработка угля, руд и других полезных ископаемых"	"Выполнение вспомогательных работ при добыче полезных ископаемых открытым и подземным способами"	"Горнорабочий"	"52н от 19.01.2017"	""	""
"738"	"897"	"27.060"	"Металлургическое производство"	"Производство холоднокатаного проката цветных металлов и сплавов"	"Вальцовщик цветных металлов"	"126н от 01.02.2017"	""	""
"739"	"987"	"16.118"	"Строительство и жилищно-коммунальное хозяйство"	"Выполнение механизированных работ с применением разогревателя (нагревателя) асфальтобетона"	"Машинист разогревателя (нагревателя) асфальтобетона"	"186н от 15.02.2017"	""	""
"740"	"992"	"40.174"	"Сквозные виды профессиональной деятельности"	"Управление грузоподъемными кранами"	"Машинист крана общего назначения"	"215н от 01.03.2017"	""	""
"741"	"929"	"27.089"	"Металлургическое производство"	"Управление грузоподъемными кранами металлургического производства"	"Машинист крана металлургического производства"	"144н от 08.02.2017"	""	""
"742"	"971"	"16.111"	"Строительство и жилищно-коммунальное хозяйство"	"Эксплуатация, обслуживание и ремонт подъемных машин"	"Машинист строительного подъемника"	"154н от 09.02.2017"	""	""
"743"	"710"	"40.120"	"Сквозные виды профессиональной деятельности"	"Эксплуатация, техническое обслуживание и ремонт систем кондиционирования воздуха, вентиляционных, теплонасосных и холодильных установок с хладагентами низкого уровня токсичности (группа А)"	"Механик по холодильной и вентиляционной технике"	"13н от 10.01.2017"	""	""
"744"	"919"	"27.082"	"Металлургическое производство"	"Ведение процесса нагрева слитков, заготовок цветных металлов и сплавов в нагревательных печах различной конструкции"	"Нагревальщик цветных металлов и сплавов"	"145н от 08.02.2017"	""	""
"745"	"911"	"27.074"	"Металлургическое производство"	"Организация огнеупорных работ в металлургическом производстве"	"Специалист по огнеупорным работам в металлургическом производстве"	"123н от 01.02.2017"	""	""
"746"	"820"	"19.035"	"Добыча, переработка, транспортировка нефти и газа"	"Аварийно-восстановительные и ремонтные работы в газовой отрасли"	"Работник по аварийно-восстановительным и ремонтным работам в газовой отрасли"	"222н от 01.03.2017"	""	""
"747"	"990"	"16.120"	"Строительство и жилищно-коммунальное хозяйство"	"Обеспечение наладки, монтажа, технического обслуживания, ремонта, реконструкции и модернизации подъемных сооружений и их оборудования"	"Специалист по наладке подъемных сооружений"	"219н от 01.03.2017"	""	""
"748"	"932"	"27.091"	"Металлургическое производство"	"Организация технического обслуживания и ремонта металлургического оборудования"	"Специалист по техническому обслуживанию и ремонтам в металлургическом производстве"	"67н от 23.01.2017"	""	""
"749"	"916"	"27.079"	"Металлургическое производство"	"Организация электролизного производства алюминия"	"Специалист электролизного производства алюминия"	"113н от 01.02.2017"	""	""
"750"	"917"	"27.080"	"Металлургическое производство"	"Ведение технологического процесса электролиза в расплавленных солях"	"Электролизник расплавленных солей"	"147н от 08.02.2017"	""	""
"751"	"912"	"27.075"	"Металлургическое производство"	"Организация технологического процесса роизводства глинозема"	"Специалист по производству глинозема"	"68н от 23.01.2017"	""	""
"752"	"913"	"27.076"	"Металлургическое производство"	"Организация производства метизов"	"Специалист по производству метизов"	"86н от 26.01.2017"	""	""
"753"	"90"	"40.019"	"Сквозные виды профессиональной деятельности"	"Функциональная верификация и разработка тестов функционального контроля наноразмерных интегральных схем (ИС)"	"Специалист по функциональной верификации и разработке тестов функционального контроля наноразмерных интегральных схем"	"235н от 11.04.2014"	""	""
"754"	"196"	"40.055"	"Сквозные виды профессиональной деятельности"	"Защита от коррозии металлических и бетонных поверхностей зданий и сооружений опасных производственных объектов с применением систем защитных покрытий"	"Специалист по системам защитных покрытий поверхности зданий исооружений опасных производственных объектов"	"709н от 13.10.2014"	""	""
"755"	"665"	"40.110"	"Сквозные виды профессиональной деятельности"	"Выполнение работ по механическим испытаниям сварных соединений и наплавленного металла"	"Специалист по механическим испытаниям сварных соединений и наплавленного металла"	"912н от 01.12.2015"	""	""
"756"	"131"	"40.026"	"Сквозные виды профессиональной деятельности"	"Наладка обрабатывающих центров с программным управлением и обработка деталей"	"Оператор-наладчик обрабатывающих центров с числовым программным управлением"	"530н от 04.08.2014"	""	""
"757"	"124"	"40.022"	"Сквозные виды профессиональной деятельности"	"Электрохимическая защита от коррозии линейных сооружений и объектов"	"Специалист по электрохимической защите от коррозии линейных сооружений и объектов"	"614н от 08.09.2014"	""	""
"758"	"125"	"40.023"	"Сквозные виды профессиональной деятельности"	"Производство, эксплуатация, техническое обслуживание и ремонт гидравлических и пневматических систем и агрегатов"	"Монтажник гидравлических и пневматических систем"	"352н от 29.05.2014"	""	""
"759"	"128"	"40.024"	"Сквозные виды профессиональной деятельности"	"Наладка шлифовальных станков с программным управлением, шлифование и доводка деталей"	"Оператор-наладчик шлифовальных станков с числовым программным управлением"	"361н от 04.06.2014"	""	""
"760"	"129"	"40.025"	"Сквозные виды профессиональной деятельности"	"Наладка электрохимических станков с программным управлением и обработка деталей"	"Оператор-наладчик электрохимических станков с числовым программным управлением"	"536н от 04.08.2014"	""	""
"761"	"151"	"40.028"	"Сквозные виды профессиональной деятельности"	"Изготовление и слесарная обработка инструментов"	"Слесарь-инструментальщик"	"780н от 13.10.2014"	""	""
"762"	"156"	"04.004"	"Культура, искусство"	"Деятельность по учету музейных предметов в музеях всех видов"	"Специалист по учету музейных предметов"	"521н от 04.08.2014"	""	""
"763"	"159"	"40.029"	"Сквозные виды профессиональной деятельности"	"Сборка металлоконструкций и металлоизделий"	"Слесарь по сборке металлоконструкций"	"541н от 04.08.2014"	""	""
"764"	"163"	"40.030"	"Сквозные виды профессиональной деятельности"	"Регулировка радиоэлектронной аппаратуры и приборов"	"Регулировщик радиоэлектронной аппаратуры и приборов"	"531н от 04.08.2014"	""	""
"765"	"164"	"40.031"	"Сквозные виды профессиональной деятельности"	"Технологическая подготовка производства изделий машиностроения"	"Специалист по технологиям материалообрабатывающего производства"	"615н от 08.09.2014"	""	""
"766"	"166"	"40.033"	"Сквозные виды профессиональной деятельности"	"Стратегическое и тактическое планирование и организация производства"	"Специалист по стратегическому и тактическому планированию и организации производства"	"609н от 08.09.2014"	""	""
"767"	"168"	"40.034"	"Сквозные виды профессиональной деятельности"	"Управление в области разработки и постановки производства полупроводниковых приборов и систем с использованием нанотехнологий"	"Специалист по проектному управлению в области разработки и постановки производства полупроводниковых приборов и систем с использованием нанотехнологий"	"658н от 25.09.2014"	""	""
"768"	"173"	"40.036"	"Сквозные виды профессиональной деятельности"	"Разработка волоконных лазеров"	"Специалист в области разработки волоконных лазеров"	"449н от 10.07.2014"	""	""
"769"	"175"	"40.038"	"Сквозные виды профессиональной деятельности"	"Производство легированных редкоземельными ионами оптических волокон, включающее в себя производство заготовок, вытяжку активного оптического волокна и его тестирование"	"Специалист в области производства специально легированных оптических волокон"	"454н от 10.07.2014"	""	""
"770"	"176"	"40.039"	"Сквозные виды профессиональной деятельности"	"Разработка полупроводниковых лазеров"	"Специалист в области разработки полупроводниковых лазеров"	"452н от 10.07.2014"	""	""
"771"	"177"	"40.040"	"Сквозные виды профессиональной деятельности"	"Проектирование устройств, приборов и систем электронной техники с учетом заданных требований; разработка проектно-конструкторской документации в соответствии с методическими и нормативными требованиями"	"Инженер в области разработки цифровых библиотек стандартных ячеек исложнофункциональных блоков"	"456н от 10.07.2014"	""	""
"772"	"178"	"40.041"	"Сквозные виды профессиональной деятельности"	"Разработка конструкции и технологии производства волоконно-оптических кабелей"	"Специалист в области производства волоконно-оптических кабелей"	"448н от 10.07.2014"	""	""
"773"	"179"	"40.042"	"Сквозные виды профессиональной деятельности"	"Техническое обеспечение производства полимерных наноструктурированных пленок"	"Специалист технического обеспечения процесса производства полимерных наноструктурированных пленок"	"453н от 10.07.2014"	""	""
"774"	"180"	"40.043"	"Сквозные виды профессиональной деятельности"	"Технологическое и организационно-управленческое сопровождение производства полимерных наноструктурированных пленок"	"Специалист по внедрению и управлению производством полимерных наноструктурированных пленок"	"451н от 10.07.2014"	""	""
"775"	"181"	"40.044"	"Сквозные виды профессиональной деятельности"	"Разработка и испытание полимерных наноструктурированных пленок"	"Специалист по научно-техническим разработкам и испытаниям полимерных наноструктурированных пленок"	"447н от 10.07.2014"	""	""
"776"	"182"	"40.045"	"Сквозные виды профессиональной деятельности"	"Проектирование фотошаблонов и подготовка управляющей информации для их изготовления"	"Инженер-проектировщик фотошаблонов для производства наносистем (включая наносенсорику и интегральные схемы)"	"455н от 10.07.2014"	""	""
"777"	"183"	"40.046"	"Сквозные виды профессиональной деятельности"	"Производство наноструктурированных сырьевых керамических масс"	"Специалист производства наноструктурированных сырьевых керамических масс"	"450н от 10.07.2014"	""	""
"778"	"185"	"40.048"	"Сквозные виды профессиональной деятельности"	"Техническое обслуживание и ремонт электрооборудования и электроустановок"	"Слесарь-электрик"	"646н от 17.09.2014"	""	""
"779"	"186"	"40.049"	"Сквозные виды профессиональной деятельности"	"Логистическая деятельность по перевозкегрузов в цепи поставок"	"Специалист по логистике на транспорте"	"616н от 08.09.2014"	""	""
"780"	"187"	"40.050"	"Сквозные виды профессиональной деятельности"	"Выполнение плавки и заливки литейных форм на различных типах литейного технологического оборудования"	"Литейщик"	"259н от 13.03.2017"	""	""
"781"	"188"	"40.051"	"Сквозные виды профессиональной деятельности"	"Нанесение защитных и декоративных покрытий"	"Специалист по нанесению покрытий"	"613н от 08.09.2014"	""	""
"782"	"189"	"40.052"	"Сквозные виды профессиональной деятельности"	"Проектирование оснастки и специального инструмента"	"Специалист по проектированию оснастки и специального инструмента"	"659н от 25.09.2014"	""	""
"783"	"191"	"40.053"	"Сквозные виды профессиональной деятельности"	"Организация постпродажного обслуживания и сервиса"	"Специалист по организации постпродажного обслуживания и сервиса"	"864н от 31.10.2014"	""	""
"784"	"192"	"40.054"	"Сквозные виды профессиональной деятельности"	"Деятельность по планированию, организации, контролю и совершенствованию управления охраной труда"	"Специалист в области охраны труда"	"524н от 04.08.2014"	""	""
"785"	"201"	"40.056"	"Сквозные виды профессиональной деятельности"	"Противопожарная профилактика в промышленности, строительстве и на транспорте"	"Специалист по противопожарной профилактике"	"814н от 28.10.2014"	""	""
"786"	"212"	"40.057"	"Сквозные виды профессиональной деятельности"	"Профессиональная деятельность в области разработки, внедрения и эксплуатации автоматизированных систем управления производством"	"Специалист по автоматизированным системам управления производством"	"212н от 13.10.2014"	""	""
"787"	"23"	"40.005"	"Сквозные виды профессиональной деятельности"	"Производство объемных нанометаллов, сплавов, композитов на их основе и изделий из них"	"Специалист в области материаловедческого обеспечения технологического цикла производства объемных нанометаллов, сплавов, композитов на их основе и изделий из них"	"73н от 03.02.2014"	""	""
"788"	"245"	"40.058"	"Сквозные виды профессиональной деятельности"	"Технология производства изделий микроэлектроники"	"Инженер-технолог по производству изделий микроэлектроники"	"859н от 31.10.2014"	""	""
"789"	"246"	"40.059"	"Сквозные виды профессиональной деятельности"	"Промышленный дизайн и эргономика"	"Промышленный дизайнер (эргономист)"	"894н от 18.11.2014"	""	""
"790"	"259"	"40.065"	"Сквозные виды профессиональной деятельности"	"Контроль и приемка лакокрасочных покрытий"	"Контролер малярных работ"	"1040н от 15.12.2014"	""	""
"791"	"275"	"40.067"	"Сквозные виды профессиональной деятельности"	"Наладка автоматических линий приборов, регулирующих процессы производства, диспетчерскую связь и другую автоматику"	"Слесарь-наладчик контрольно-измерительных приборов и автоматики"	"1117н от 25.12.2014"	""	""
"792"	"278"	"40.068"	"Сквозные виды профессиональной деятельности"	"Техническое обслуживание термического оборудования"	"Специалист по наладке и испытаниям технологического оборудования термического производства"	"1010н от 11.12.2014"	""	""
"793"	"291"	"40.069"	"Сквозные виды профессиональной деятельности"	"Наладка и испытание технологического оборудования механосборочного производства"	"Специалист по наладке и испытаниям технологического оборудования механосборочного производства"	"1025н от 11.12.2014"	""	""
"794"	"294"	"40.070"	"Сквозные виды профессиональной деятельности"	"Мониторинг, диагностика технологических комплексов кузнечно-штамповочного производства и управление ими"	"Специалист по анализу и диагностике технологических комплексов кузнечного производства"	"1081н от 22.12.2014"	""	""
"795"	"296"	"40.071"	"Сквозные виды профессиональной деятельности"	"Анализ и диагностика технологических комплексов литейного производства"	"Специалист по анализу и диагностике технологических комплексов литейного производства"	"1017н от 11.12.2014"	""	""
"796"	"298"	"40.072"	"Сквозные виды профессиональной деятельности"	"Наладка, регулировка и испытания технологического оборудования кузнечного производства"	"Специалист по наладке и испытаниям технологического оборудования кузнечного производства"	"1008н от 11.12.2014"	""	""
"797"	"299"	"40.073"	"Сквозные виды профессиональной деятельности"	"Проектирование нестандартного оборудования литейного производства"	"Специалист по проектированию нестандартного оборудования литейного производства"	"1039н от 15.12.2014"	""	""
"798"	"321"	"40.074"	"Сквозные виды профессиональной деятельности"	"Внедрение новой техники и технологии в кузнечное производство"	"Специалист по внедрению новых техники и технологий кузнечного производства"	"1090н от 22.11.2014"	""	""
"799"	"324"	"40.075"	"Сквозные виды профессиональной деятельности"	"Инструментальное обеспечение литейного производства"	"Специалист по инструментальному обеспечению литейного производства"	"1116н от 25.12.2014"	""	""
"800"	"353"	"40.076"	"Сквозные виды профессиональной деятельности"	"Выполнение шлифовальных работ"	"Шлифовщик"	"161н от 12.03.2015"	""	""
"801"	"359"	"40.077"	"Сквозные виды профессиональной деятельности"	"Техническое обслуживание и ремонт узлов и механизмов, оборудования, агрегатов и машин"	"Слесарь-ремонтник промышленного оборудования"	"1164н от 26.12.2014"	""	""
"802"	"386"	"40.079"	"Сквозные виды профессиональной деятельности"	"Применение средств автоматизации и механизации в термическом производстве"	"Специалист по автоматизации и механизации технологических процессов термического производства"	"1146н от 25.12.2014"	""	""
"803"	"388"	"40.080"	"Сквозные виды профессиональной деятельности"	"Эксплуатация технологических комплексов термического производства"	"Специалист по анализу и диагностике технологических комплексов термического производства"	"1144н от 25.12.2014"	""	""
"804"	"390"	"40.081"	"Сквозные виды профессиональной деятельности"	"Анализ и диагностика технологических комплексов механосборочного производства"	"Специалист по анализу и диагностике технологических комплексов механосборочного производства"	"1174н от 26.12.2014"	""	""
"805"	"391"	"40.082"	"Сквозные виды профессиональной деятельности"	"Литейное производство"	"Специалист по внедрению новой техники и технологий в литейном производстве"	"1159н от 26.12.2014"	""	""
"806"	"392"	"40.083"	"Сквозные виды профессиональной деятельности"	"Компьютерное проектирование технологических процессов"	"Специалист по компьютерному проектированию технологических процессов"	"1158н от 26.12.2014"	""	""
"807"	"393"	"40.084"	"Сквозные виды профессиональной деятельности"	"Организация сетей поставок машиностроительных организаций"	"Специалист по организации сетей поставок машиностроительных организаций"	"1142н от 25.12.2014"	""	""
"808"	"398"	"40.086"	"Сквозные виды профессиональной деятельности"	"Обеспечение внедрения новой техники и технологий в термическом производстве"	"Специалист по внедрению новой техники и технологий в термическом производстве"	"1141н от 25.12.2014"	""	""
"809"	"399"	"40.087"	"Сквозные виды профессиональной деятельности"	"Инструментальное обеспечение термического производства"	"Специалист по инструментальному обеспечению термического производства"	"1155н от 25.12.2014"	""	""
"810"	"400"	"40.088"	"Сквозные виды профессиональной деятельности"	"Инструментальное обеспечение кузнечного производства"	"Специалист по инструментальному обеспечению кузнечного производства"	"1154н от 25.12.2014"	""	""
"811"	"401"	"40.089"	"Сквозные виды профессиональной деятельности"	"Компьютерное программирование станков с числовым программным управлением"	"Специалист по компьютерному программированию станков с числовым программным управлением"	"1166н от 26.12.2014"	""	""
"812"	"402"	"40.090"	"Сквозные виды профессиональной деятельности"	"Изготовление изделий механосборочного производства"	"Специалист по контролю качества механосборочного производства"	"1122н от 25.12.2014"	""	""
"813"	"466"	"40.091"	"Сквозные виды профессиональной деятельности"	"Эксплуатация, обслуживание и ремонт насосного оборудования, регулирующей аппаратуры и трубопроводов"	"Машинист насосных установок"	"429н от 06.07.2015"	""	""
"814"	"470"	"40.092"	"Сквозные виды профессиональной деятельности"	"Обработка заготовок, деталей, изделий из различных материалов на металлорежущих станках"	"Станочник широкого профиля"	"239н от 22.04.2015"	""	""
"815"	"48"	"05.003"	"Физическая культура и спорт"	"Подготовка спортсменов"	"Тренер"	"193н от 07.04.2014"	""	""
"816"	"504"	"40.095"	"Сквозные виды профессиональной деятельности"	"Обрубка, вырубка, опиливание, очистка и шлифовка отливок и деталей, исправление дефектов литья"	"Обрубщик"	"450н от 14.07.2015"	""	""
"817"	"505"	"40.096"	"Сквозные виды профессиональной деятельности"	"Выполнение работ по нанесению на детали и изделия защитных покрытий методом оцинковки горячим способом"	"Оцинковщик горячим способом"	"454н от 14.07.2015"	""	""
"818"	"506"	"40.097"	"Сквозные виды профессиональной деятельности"	"Нарезание на зуборезных станках зубчатых, червячных колес и шлицевых валов"	"Зуборезчик"	"457н от 14.07.2015"	""	""
"819"	"507"	"40.098"	"Сквозные виды профессиональной деятельности"	"Удаление травлением поверхностного слоя материалов"	"Травильщик"	"456н от 14.07.2015"	""	""
"820"	"510"	"40.099"	"Сквозные виды профессиональной деятельности"	"Изготовление продукции кузнечного производства"	"Специалист по контролю качества кузнечного производства"	"517н от 27.07.2015"	""	""
"821"	"511"	"40.100"	"Сквозные виды профессиональной деятельности"	"Инструментальное обеспечение производства изделий машиностроения"	"Специалист по инструментальному обеспечению механосборочного производства"	"513н от 24.07.2015"	""	""
"822"	"512"	"40.101"	"Сквозные виды профессиональной деятельности"	"Кузнечно-прессовые и термические работы"	"Машинист на молотах, прессах и манипуляторах"	"596н от 07.09.2015"	""	""
"823"	"532"	"40.102"	"Сквозные виды профессиональной деятельности"	"Очистка и уплотнение поверхностного слоя металла, отливок, изделий и деталей"	"Чистильщик металла, отливок, изделий и деталей"	"664н от 28.09.2015"	""	""
"824"	"544"	"40.103"	"Сквозные виды профессиональной деятельности"	"Формообразование изделий из наноструктурированных керамических масс"	"Специалист формообразования изделий из наноструктурированных керамических масс"	"639н от 15.09.2015"	""	""
"825"	"545"	"10.104"	"Архитектура, проектирование, геодезия, топография и дизайн"	"Проведение модификации свойств и измерений параметров наноматериалов и наноструктур"	"Специалист по измерению параметров и модификации свойств наноматериалов и наноструктур"	"593н от 07.09.2015"	""	""
"826"	"546"	"40.105"	"Сквозные виды профессиональной деятельности"	"Стандартизация инновационной продукции наноиндустрии"	"Специалист по стандартизации инновационной продукции наноиндустрии"	"611н от 08.09.2015"	""	""
"827"	"569"	"40.106"	"Сквозные виды профессиональной деятельности"	"Эксплуатация и техническое обслуживание оборудования, работающего под избыточным давлением"	"Работник по эксплуатации оборудования, работающего под избыточным давлением, котлов и трубопроводов пара"	"1129н от 24.12.2015"	""	""
"828"	"61"	"40.013"	"Сквозные виды профессиональной деятельности"	"Разработка технологий и программ для оборудования с числовым программным управлением"	"Специалист по разработке технологий и программ для оборудования с числовым программным управлением"	"229н от 11.04.2014"	""	""
"829"	"667"	"40.111"	"Сквозные виды профессиональной деятельности"	"Ведение технологических процессов при использовании сосудов, работающих при нагреве и под давлением"	"Автоклавщик"	"1140н от 24.12.2015"	""	""
"830"	"673"	"40.112"	"Сквозные виды профессиональной деятельности"	"Монтаж и наладка подъемных сооружений"	"Работник по монтажу и наладке подъемных сооружений"	"1056н от 21.12.2015"	""	""
"831"	"674"	"40.113"	"Сквозные виды профессиональной деятельности"	"Техническое обслуживание и ремонт подъемных сооружений"	"Работник по эксплуатации, ремонту и обслуживанию подъемных сооружений"	"1062н от 21.12.2015"	""	""
"832"	"676"	"40.114"	"Сквозные виды профессиональной деятельности"	"Термическая резка металлов"	"Резчик термической резки металлов"	"989н от 03.12.2015"	""	""
"833"	"679"	"40.116"	"Сквозные виды профессиональной деятельности"	"Обеспечение требований промышленной безопасности в организации"	"Специалист по обеспечению промышленной безопасности при эксплуатации оборудования, работающего под избыточным давлением, и/или подъемных сооружений"	"1142н от 24.12.2015"	""	""
"834"	"69"	"40.014"	"Сквозные виды профессиональной деятельности"	"Технологическое обеспечение заготовительного производства на машиностроительных предприятиях"	"Специалист по технологиям заготовительного производства"	"221н от 11.04.2014"	""	""
"835"	"709"	"40.119"	"Сквозные виды профессиональной деятельности"	"Строгание металлических деталей"	"Строгальщик"	"1134н от 24.12.2015"	""	""
"836"	"712"	"40.122"	"Сквозные виды профессиональной деятельности"	"Полирование поверхностей металлическихдеталей"	"Полировщик"	"1139н от 24.12.2015"	""	""
"837"	"715"	"40.124"	"Сквозные виды профессиональной деятельности"	"Шлифование зубьев и шлицев"	"Зубошлифовщик"	"1131н от 24.12.2015"	""	""
"838"	"723"	"40.125"	"Сквозные виды профессиональной деятельности"	"Доводка и притирка поверхностей и плоскостей металлических деталей"	"Доводчик-притирщик"	"1136н от 24.12.2015"	""	""
"839"	"725"	"40.126"	"Сквозные виды профессиональной деятельности"	"Выполнение комплекса работ по подготовке режущего инструмента"	"Заточник металлорежущего инструмента"	"1133н от 24.12.2015"	""	""
"840"	"737"	"40.127"	"Сквозные виды профессиональной деятельности"	"Фрезерование наружной и внутренней резьбы на резьбофрезерных станках"	"Резьбофрезеровщик"	"1135н от 24.12.2015"	""	""
"841"	"738"	"40.128"	"Сквозные виды профессиональной деятельности"	"Выполнение токарно-карусельных работ"	"Токарь-карусельщик"	"1168н от 28.12.2015"	""	""
"842"	"740"	"40.129"	"Сквозные виды профессиональной деятельности"	"Выполнение токарно-расточных работ"	"Токарь-расточник"	"1138н от 24.12.2015"	""	""
"843"	"741"	"40.130"	"Сквозные виды профессиональной деятельности"	"Шевингование и доводка металлических деталей и инструмента различной степени сложности"	"Шевинговальщик"	"1137н от 24.12.2015"	""	""
"844"	"753"	"40.133"	"Сквозные виды профессиональной деятельности"	"Обеспечение соблюдения требований экологической безопасности и санитарно-эпидемиологического благополучия населения организациями в сфере обращения с отходами"	"Специалист контроля качества и обеспечения экологической и биологической безопасности в области обращения с отходами"	"1146н от 24.12.2015"	""	""
"845"	"757"	"40.134"	"Сквозные виды профессиональной деятельности"	"Технологическое обеспечение производственных процессов в сфере обращения с отходами"	"Инженер-технолог по обращению с медицинскими и биологическими отходами"	"1149н от 24.12.2015"	""	""
"846"	"759"	"40.135"	"Сквозные виды профессиональной деятельности"	"Организация и проведение логистических операций в сфере обращения с отходами"	"Специалист по логистике в сфере обращения с отходами"	"1147н от 24.12.2015"	""	""
"847"	"819"	"40.136"	"Сквозные виды профессиональной деятельности"	"Создание интегрированных технологических процессов и производств в области материаловедения и технологии материалов и управление ими"	"Специалист в области разработки, сопровождения и интеграции технологических процессов и производств в области материаловедения и технологии материалов"	"1153н от 25.12.2015"	""	""
"848"	"829"	"40.137"	"Сквозные виды профессиональной деятельности"	"Дизайн транспортных средств"	"Дизайнер транспортных средств"	"1174н от 29.12.2015"	""	""
"849"	"834"	"40.138"	"Сквозные виды профессиональной деятельности"	"Управление, техническое обслуживание и текущий ремонт мобильных робототехнических средств (РТС)"	"Оператор мобильной робототехники"	"84н от 03.03.2016"	""	""
"850"	"835"	"40.139"	"Сквозные виды профессиональной деятельности"	"Производство изделий с использованием электрохимических и электрофизических методов обработки (ЭХФМО)"	"Специалист по электрохимическим и электрофизическим методам обработкиматериалов"	"194н от 21.04.2016"	""	""
"851"	"84"	"40.015"	"Сквозные виды профессиональной деятельности"	"Метрологическое обеспечение разработки, производства и испытаний нанотехнологической продукции"	"Инженер по метрологии в области метрологического обеспечения разработки, производства и испытаний нанотехнологической продукции"	"239н от 11.04.2014"	""	""
"852"	"86"	"40.017"	"Сквозные виды профессиональной деятельности"	"Производство объемных нанокерамик, соединений, композитов на их основе и изделий из них"	"Специалист в области материаловедческого обеспечения технологического цикла производства объемных нанокерамик, соединений, композитов на их основе и изделий из них"	"249н от 11.04.2014"	""	""
"853"	"87"	"40.018"	"Сквозные виды профессиональной деятельности"	"Нанесение наноструктурированных керамических покрытий. Производство изделий с наноструктурированным керамическим покрытием"	"Специалист в области технологического обеспечения полного цикла производства изделий с наноструктурированными керамическими покрытиями"	"249н от 11.04.2014"	""	""
"854"	"8"	"03.004"	"Социальное обслуживание"	"Управление бюро медико-социальной экспертизы"	"Руководитель учреждения медико-социальной экспертизы"	"714н от 05.12.2013"	""	""
"855"	"91"	"40.020"	"Сквозные виды профессиональной деятельности"	"Производство объемных нанокерамик, соединений, композитов на их основе и изделий из них"	"Специалист в области технологического обеспечения полного цикла производства объемных нанокерамик, соединений, композитов на их основе иизделий из них"	"234н от 11.04.2014"	""	""
"856"	"94"	"40.021"	"Сквозные виды профессиональной деятельности"	"Выполнение фрезерных работ на универсальных и специальных фрезерных станках"	"Фрезеровщик"	"265н от 17.04.2014"	""	""
"857"	"847"	"33.019"	"Сервис, оказание услуг населению (торговля, техническое обслуживание, ремонт, предоставление персональных услуг, услуги гостеприимства, общественное питание и пр.)"	"Деятельность по организации торгово-промышленных выставок"	"Специалист по выставочной деятельности в сфере торгово-промышленных выставок"	"612н от 09.11.2016"	""	""
"858"	"841"	"06.031"	"Связь, информационные и коммуникационные технологии"	"Автоматизация информационно-аналитической деятельности (АИАД) в государственных органах, обеспечивающих национальную безопасность"	"Специалист по автоматизации информационно-аналитической деятельности в сфере безопасности"	"611н от 09.11.2016"	""	""
"859"	"842"	"06.032"	"Связь, информационные и коммуникационные технологии"	"Защита информации в компьютерных системах и сетях"	"Специалист по безопасности компьютерных систем и сетей"	"598н от 01.11.2016"	""	""
"860"	"840"	"06.030"	"Связь, информационные и коммуникационные технологии"	"Разработка, обеспечение функционирования и менеджмент средств и систем обеспечения защиты средств связи сетей электросвязи от несанкционированного доступа к ним"	"Специалист по защите информации в телекоммуникационных системах и сетях"	"608н от 03.11.2016"	""	""
"861"	"814"	"02.007"	"Здравоохранение"	"Изготовление медицинской оптики"	"Специалист по изготовлению медицинской оптики"	"607н от 03.11.2016"	""	""
"862"	"706"	"40.117"	"Сквозные виды профессиональной деятельности"	"Обеспечение природоохранной деятельности в организациях отраслей промышленности"	"Специалист по экологической безопасности (в промышленности)"	"591н от 31.10.2016"	""	""
"863"	"859"	"08.028"	"Финансы и экономика"	"Актуарная деятельность"	"Актуарий"	"667н от 18.11.2016"	""	""
"864"	"450"	"08.017"	"Финансы и экономика"	"Банковские операции с драгоценными металлами"	"Специалист по операциям с драгоценными металлами"	"644н от 14.11.2016"	""	""
"865"	"454"	"08.019"	"Финансы и экономика"	"Предоставление потребительских кредитов"	"Специалист по потребительскому кредитованию"	"646н от 14.11.2016"	""	""
"866"	"445"	"08.013"	"Финансы и экономика"	"Операции на межбанковском рынке"	"Специалист по операциям на межбанковском рынке"	"643н от 14.11.2016"	""	""
"867"	"858"	"08.027"	"Финансы и экономика"	"Предоставление платежных услуг клиентам"	"Специалист по платежным услугам"	"645н от 14.11.2016"	""	""
"868"	"687"	"17.031"	"Транспорт"	"Проектирование, строительство и эксплуатация внутренних водных путей, судоходных, портовых гидротехнических сооружений, объектов береговой инфраструктуры водного транспорта"	"Гидротехник (водный транспорт)"	"668н от 18.11.2016"	""	""
"869"	"812"	"02.005"	"Здравоохранение"	"Стоматологическая практика"	"Врач-стоматолог"	"227н от 10.05.2016"	""	""
"870"	"801"	"02.004"	"Здравоохранение"	"Слухоречевая реабилитация граждан путем слухопротезирования"	"Специалист в области слухопротезирования (сурдоакустик)"	"226н от 10.05.2016"	""	""
"871"	"903"	"27.066"	"Металлургическое производство"	"Организация и проведение химического анализа в металлургическом производстве"	"Специалист химического анализа в металлургии"	"60н от 23.01.2017"	""	""
"872"	"877"	"16.105"	"Строительство и жилищно-коммунальное хозяйство"	"Отделка поверхностей строительными изделиями из естественного камня"	"Гранитчик"	"11н от 10.01.2017"	""	""
"873"	"573"	"11.013"	"Средства массовой информации, издательство и полиграфия"	"Дизайн объектов и систем визуальной информации, идентификации и коммуникации"	"Графический дизайнер"	"40н от 17.01.2017"	""	""
"874"	"873"	"25.047"	"Ракетно-космическая промышленность"	"Разработка датчико-преобразующей аппаратуры (ДПА) для изделий ракетно-космической промышленности"	"Инженер-конструктор датчиковой аппаратуры в ракетно-космической промышленности"	"6н от 09.01.2017"	""	""
"875"	"874"	"25.048"	"Ракетно-космическая промышленность"	"Проведение научно-исследовательских и опытно-конструкторских разработок по прочности летательных аппаратов (ЛА) в ракетно-космической технике (РКТ)"	"Инженер-исследователь по прочности летательных аппаратов в ракетно-космической технике при силовом и температурном воздействиях"	"7н от 09.01.2017"	""	""
"876"	"880"	"16.107"	"Строительство и жилищно-коммунальное хозяйство"	"Обеспечение производства строительно-монтажных работ"	"Монтажник строительных лесов и подмостей"	"32н от 13.01.2017"	""	""
"877"	"941"	"40.146"	"Сквозные виды профессиональной деятельности"	"Ремонт и наладка механических узлов металлорежущих станков"	"Наладчик-ремонтник механических узлов металлорежущих станков"	"89н от 26.01.2017"	""	""
"878"	"946"	"40.150"	"Сквозные виды профессиональной деятельности"	"Ремонт и наладка пневмо- и гидрооборудования металлорежущих станков"	"Наладчик-ремонтник пневмо- и гидрооборудования металлорежущих станков"	"80н от 26.01.2017"	""	""
"879"	"879"	"16.106"	"Строительство и жилищно-коммунальное хозяйство"	"Техническое обслуживание и управление работой бетоноукладчика"	"Оператор бетоноукладчика"	"33н от 13.01.2017"	""	""
"880"	"947"	"40.151"	"Сквозные виды профессиональной деятельности"	"Горячая объемная штамповка и ковка поковок из металлов и сплавов на автоматах и комплексах, автоматических и полуавтоматических линиях"	"Оператор-кузнец на автоматических и полуавтоматических линиях"	"92н от 26.01.2017"	""	""
"881"	"876"	"16.104"	"Строительство и жилищно-коммунальное хозяйство"	"Работы по облицовке внутренних и наружных горизонтальных и вертикальных поверхностей плиткой"	"Плиточник"	"12н от 10.01.2017"	""	""
"882"	"893"	"17.045"	"Транспорт"	"Ограждение съемных подвижных единиц, мест производства путевых работ на железнодорожном пути, закрепление подвижного состава на путях общего пользования железнодорожной станции"	"Работник по ограждению мест производства работ и закреплению подвижного состава на железнодорожном транспорте"	"59н от 23.01.2017"	""	""
"883"	"571"	"01.005"	"Образование и наука"	"Педагогическая деятельность в области воспитания обучающихся"	"Специалист в области воспитания"	"10н от 10.01.2017"	""	""
"884"	"572"	"11.012"	"Средства массовой информации, издательство и полиграфия"	"Технологическое сопровождение процессов полиграфического производства"	"Технолог полиграфического производства"	"14н от 10.01.2017"	""	""
"885"	"846"	"03.010"	"Социальное обслуживание"	"Деятельность по сопровождению и двустороннему переводу на жестовый или тактильный жестовый язык для граждан с одновременным нарушением зрения и слуха"	"Тифлосурдопереводчик"	"575н от 17.10.2016"	""	""
"886"	"938"	"40.143"	"Сквозные виды профессиональной деятельности"	"Изготовление керамических форм для литья по выплавляемым моделям"	"Формовщик по выплавляемым моделям"	"79н от 26.01.2017"	""	""
"887"	"884"	"17.039"	"Транспорт"	"Техническое обслуживание, ремонт и испытание подвижного состава железнодорожного транспорта"	"Электромеханик по техническому обслуживанию и ремонту устройств безопасности и средств радиосвязи тягового подвижного состава железнодорожного транспорта"	"108н от 31.01.2017"	""	""
"888"	"881"	"16.108"	"Строительство и жилищно-коммунальное хозяйство"	"Монтаж электрического оборудования"	"Электромонтажник"	"50н от 18.01.2017"	""	""
"889"	"861"	"20.036"	"Электроэнергетика"	"Обслуживание и ремонт оборудования автоматизированных систем технологического управления (далее -АСТУ) электрических сетей"	"Работник по обслуживанию и ремонту оборудования автоматизированных систем управления технологическими процессами в электрических сетях"	"764н от 19.12.2016"	""	""
"890"	"885"	"17.040"	"Транспорт"	"Оперативное руководство рабочими производственного подразделения организации железнодорожного транспорта в соответствии с установленным технологическим процессом"	"Бригадир (освобожденный) предприятий железнодорожного транспорта"	"49н от 18.01.2017"	""	""
"891"	"823"	"17.035"	"Транспорт"	"Финансово-экономическое обеспечение деятельности структурного подразделения организации железнодорожного транспорта"	"Инженер-экономист железнодорожного транспорта"	"828н от 23.12.2016"	""	""
"892"	"887"	"17.042"	"Транспорт"	"Контроль технического состояния пассажирского поезда и организация обслуживания пассажиров в пути следования"	"Начальник пассажирского поезда"	"45н от 18.01.2017"	""	""
"893"	"892"	"17.044"	"Транспорт"	"Руководство выполнением работ по техническому обслуживанию и ремонту оборудования и устройств электроснабжения, сигнализации, централизации и блокировки (далее - СЦБ) железнодорожного транспорта"	"Начальник участка производства по техническому обслуживанию и ремонту оборудования, устройств и систем электроснабжения, сигнализации, централизации и блокировки железнодорожного транспорта"	"65н от 23.01.2017"	""	""
"894"	"824"	"17.036"	"Транспорт"	"Обработка поездной информации и перевозочных документов железнодорожного транспорта"	"Работник по обработке поездной информации и перевозочных документов железнодорожного транспорта"	"834н от 26.12.2016"	""	""
"895"	"894"	"17.046"	"Транспорт"	"Оказание услуг по оформлению и продаже проездных и перевозочных документов на железнодорожном транспорте"	"Работник по организации и оформлению проездных и перевозочных документов в пассажирских перевозках на железнодорожном транспорте"	"46н от 18.01.2017"	""	""
"896"	"871"	"17.037"	"Транспорт"	"Контроль безопасности движения и эксплуатации на железнодорожном транспорте в закрепленных подразделениях и на закрепленном участке"	"Ревизор по безопасности движения поездов"	"4н от 09.01.2017"	""	""
"897"	"891"	"17.043"	"Транспорт"	"Регулирование скорости движения вагонов или групп вагонов (отцепов) в процессе роспуска с сортировочных горок и вытяжных путей"	"Регулировщик скорости движения вагонов железнодорожного транспорта"	"47н от 18.01.2017"	""	""
"898"	"953"	"28.007"	"Производство машин и оборудования"	"Оптимизация производственных процессов в станкостроении"	"Специалист по оптимизации производственных процессов в станкостроении"	"105н от 31.01.2017"	""	""
"899"	"950"	"28.006"	"Производство машин и оборудования"	"Оптимизация производственных процессов в тяжелом машиностроении"	"Специалист по оптимизации производственных процессов в тяжелом машиностроении"	"104н от 31.01.2017"	""	""
"900"	"951"	"40.153"	"Сквозные виды профессиональной деятельности"	"Инжиниринг и организация процесса модернизации, технического перевооружения и реконструкции кузнечного производства"	"Специалист по модернизации, техническому перевооружению и реконструкции кузнечного производства"	"107н от 31.01.2017"	""	""
"901"	"872"	"17.038"	"Транспорт"	"Оперативное руководство локомотивными бригадами тягового подвижного состава, бригадами специального железнодорожного подвижного состава, машинистами кранов на железнодорожном ходу"	"Специалист по оперативному руководству колонной локомотивных бригад тягового подвижного состава, бригад специального железнодорожного подвижного состава, машинистами кранов на железнодорожном ходу"	"829н от 23.12.2016"	""	""
"902"	"934"	"17.047"	"Транспорт"	"Оперативное руководство подразделением (сменой работников) эксплуатационного локомотивного (моторвагонного) депо, обеспечивающим выдачу локомотивов под поезда (моторвагонного подвижного состава) (далее- МВПС) и локомотивных бригад"	"Специалист по оперативному руководству обеспечением выдачи тягового подвижного состава под поезда, локомотивных бригад в работу"	"103н от 31.01.2017"	""	""
"903"	"878"	"25.050"	"Ракетно-космическая промышленность"	"Поддержка принятия управленческих решений с использованием информационных и аналитических материалов, получаемых на основе результатов космической деятельности"	"Специалист по поддержке принятия управленческих решений на основе результатов космической деятельности"	"9н от 10.01.2017"	""	""
"904"	"860"	"03.015"	"Социальное обслуживание"	"Предоставление государственных услуг в области занятости населения"	"Специалист по оказанию государственных услуг в области занятости населения"	"676н от 28.11.2016"	""	""
"905"	"844"	"06.034"	"Связь, информационные и коммуникационные технологии"	"Техническая защита информации"	"Специалист по технической защите информации"	"599н от 01.11.2016"	""	""
"906"	"822"	"25.046"	"Ракетно-космическая промышленность"	"Изготовление изделий, специзделий и их составных частей в ракетно-космической промышленности"	"Изготовитель изделий, специзделий из полимерных композиционных материалов намоткой в ракетно-космической промышленности"	"3н от 09.01.2017"	""	""
"907"	"875"	"25.049"	"Ракетно-космическая промышленность"	"Разработка перспективных методов и технологий глобальных навигационных спутниковых систем (ГНСС), мониторинг навигационных полей ГНСС и их функциональных дополнений (ФД)"	"Инженер-исследователь по развитию спутниковых навигационных систем"	"5н от 09.01.2017"	""	""
"908"	"883"	"16.109"	"Строительство и жилищно-коммунальное хозяйство"	"Доставка строительных растворов на строительную площадку авторастворовозом"	"Машинист машин по транспортировке растворных смесей"	"41н от 17.01.2017"	""	""
"909"	"910"	"27.073"	"Металлургическое производство"	"Управление процессами спекания жаропрочных и тугоплавких металлов и сплавов в печах с защитной атмосферой"	"Спекальщик жаропрочных и тугоплавких металлов и сплавов"	"87н от 26.01.2017"	""	""
"910"	"890"	"40.140"	"Сквозные виды профессиональной деятельности"	"Нанесение износостойких покрытий на металлические изделия методами химического и физического осаждения"	"Работник по нанесению износостойких покрытий на металлические изделия"	"81н от 26.01.2017"	""	""
"911"	"922"	"27.085"	"Металлургическое производство"	"Организация технологических процессов водоснабжения и водоотведения металлургического производства"	"Специалист по водоснабжению металлургического производства"	"63н от 23.01.2017"	""	""
"912"	"974"	"40.166"	"Сквозные виды профессиональной деятельности"	"Монтаж промышленного газового и газоиспользующего оборудования и газопроводов"	"Монтажник промышленного газового и газоиспользующего оборудования и газопроводов"	"153н от 09.02.2017"	""	""
"913"	"899"	"27.062"	"Металлургическое производство"	"Ведение технологических процессов производства алюминия-сырца, товарного алюминия и изготовления обожженных анодов на линии с автоматизированной системой управления"	"Оператор автоматизированного процесса производства алюминия"	"131н от 02.02.2017"	""	""
"914"	"914"	"27.077"	"Металлургическое производство"	"Организация производства огнеупоров"	"Специалист по производству огнеупоров"	"112н от 01.02.2017"	""	""
"915"	"915"	"27.078"	"Металлургическое производство"	"Организация производства проката цветных металлов и сплавов"	"Специалист по производству проката цветных металлов"	"111н от 01.02.2017"	""	""
"916"	"909"	"27.072"	"Металлургическое производство"	"Ремонт огнеупорной футеровки в металлургическом производстве"	"Работник по ремонту огнеупорной футеровки в металлургическом производстве"	"64н от 23.01.2017"	""	""
"917"	"937"	"25.051"	"Ракетно-космическая промышленность"	"Проведение научных исследований, разработка алгоритмов решения задач по динамике, аэродинамике, баллистике и управлению космическими аппаратами"	"Инженер-исследователь по динамике, баллистике, управлению движением космических аппаратов"	"132н от 02.02.2017"	""	""
"918"	"956"	"27.093"	"Металлургическое производство"	"Выбивка отливок из литейных форм"	"Выбивальщик отливок"	"146н от 08.02.2017"	""	""
"919"	"955"	"40.154"	"Сквозные виды профессиональной деятельности"	"Ручная ковка поковок из металлов и сплавов"	"Кузнец ручной ковки"	"119н от 01.02.2017"	""	""
"920"	"960"	"40.157"	"Сквозные виды профессиональной деятельности"	"Наладка холодноштамповочного и вспомогательного оборудования и штамповой оснастки"	"Наладчик холодноштамповочного оборудования"	"151н от 08.02.2017"	""	""
"921"	"711"	"40.121"	"Сквозные виды профессиональной деятельности"	"Техническое обслуживание и наладка узлов и механизмов кузнечно-прессового и вспомогательного оборудования, штамповой оснастки"	"Наладчик-ремонтник кузнечно-прессового оборудования"	"116н от 01.02.2017"	""	""
"922"	"933"	"27.092"	"Металлургическое производство"	"Организация работы железнодорожного транспорта в горнорудной и металлургической промышленности"	"Специалист по эксплуатации железнодорожного транспорта в горнорудной и металлургической промышленности"	"121н от 01.02.2017"	""	""
"923"	"949"	"40.152"	"Сквозные виды профессиональной деятельности"	"Проектирование гибких производственных систем в машиностроении"	"Специалист по проектированию гибких производственных систем в машиностроении"	"117н от 01.02.2017"	""	""
"924"	"944"	"40.148"	"Сквозные виды профессиональной деятельности"	"Эксплуатация гибких производственных систем (ГПС) в машиностроении"	"Специалист по эксплуатации гибких производственных систем в машиностроении"	"114н от 01.02.2017"	""	""
"925"	"958"	"40.156"	"Сквозные виды профессиональной деятельности"	"Изготовление вручную литейных стержней"	"Стерженщик ручной формовки"	"150н от 08.02.2017"	""	""
"926"	"940"	"40.145"	"Сквозные виды профессиональной деятельности"	"Изготовление литейных форм на формовочных машинах"	"Формовщик машинной формовки"	"120н от 01.02.2017"	""	""
"927"	"939"	"40.144"	"Сквозные виды профессиональной деятельности"	"Изготовление литейных форм вручную"	"Формовщик ручной формовки"	"143н от 08.02.2017"	""	""
"928"	"957"	"40.155"	"Сквозные виды профессиональной деятельности"	"Контроль качества в термическом производстве"	"Контролер по термообработке"	"115н от 01.02.2017"	""	""
"929"	"935"	"17.048"	"Транспорт"	"Руководство работой и координация работы подразделений железнодорожного вокзала, железнодорожного вокзального комплекса"	"Руководитель железнодорожного вокзала, железнодорожного вокзального комплекса"	"149н от 08.02.2017"	""	""
"930"	"970"	"40.165"	"Сквозные виды профессиональной деятельности"	"Эксплуатация, обслуживание и ремонт подъемных машин"	"Машинист подъемника-вышки, крана-манипулятора"	"214н от 01.03.2017"	""	""
"931"	"965"	"40.162"	"Сквозные виды профессиональной деятельности"	"Изготовление металлических модельных комплектов"	"Модельщик по металлическим моделям"	"189н от 15.02.2017"	""	""
"932"	"963"	"40.160"	"Сквозные виды профессиональной деятельности"	"Нанесение функциональных тонкопленочных покрытий на инструмент, заготовки, детали и изделия в вакууме методами физического осаждения из паровой фазы на автоматизированных и автоматических установках"	"Оператор установок по нанесению покрытий в вакууме"	"174н от 15.02.2017"	""	""
"933"	"983"	"27.095"	"Металлургическое производство"	"Опиливание, зачистка, доводка и полировка отливок"	"Опиловщик фасонных отливок"	"184н от 15.02.2017"	""	""
"934"	"966"	"40.163"	"Сквозные виды профессиональной деятельности"	"Прессование изделий из твердых сплавов и порошков тугоплавких металлов"	"Прессовщик твердых сплавов"	"187н от 15.02.2017"	""	""
"935"	"986"	"40.173"	"Сквозные виды профессиональной деятельности"	"Изготовление пружин в холодном и горячем состоянии из металлов и сплавов"	"Пружинщик"	"185н от 15.02.2017"	""	""
"936"	"905"	"27.068"	"Металлургическое производство"	"Ведение технологических процессов производства глинозема (оксида алюминия)"	"Работник по производству глинозема из бокситов"	"78н от 26.01.2017"	""	""
"937"	"574"	"31.021"	"Автомобилестроение"	"Испытания и исследования автотранспортных средств и их компонентов"	"Специалист по испытаниям и исследованиям в автомобилестроении"	"210н от 01.03.2017"	""	""
"938"	"961"	"40.158"	"Сквозные виды профессиональной деятельности"	"Техническое обслуживание контрольно-измерительных приборов и автоматики (КИП и А)"	"Специалист в области контрольно-измерительных приборов и автоматики"	"181н от 15.02.2017"	""	""
"939"	"945"	"40.149"	"Сквозные виды профессиональной деятельности"	"Изготовление литейных стержней с использованием машинной формовки"	"Стерженщик машинной формовки"	"93н от 26.01.2017"	""	""
"940"	"975"	"40.167"	"Сквозные виды профессиональной деятельности"	"Производство изделий из композитных материалов"	"Техник по композитным материалам"	"180н от 15.02.2017"	""	""
"941"	"999"	"40.177"	"Сквозные виды профессиональной деятельности"	"Обслуживание роботизированного производства"	"Техник по обслуживанию роботизированного производства"	"205н от 01.03.2017"	""	""
"942"	"972"	"16.112"	"Строительство и жилищно-коммунальное хозяйство"	"Внедрение, обеспечение функционирования и совершенствование системы энергетического менеджмента в строительной организации"	"Специалист в области энергоменеджмента в строительной сфере"	"216н от 01.03.2017"	""	""
"943"	"973"	"16.113"	"Строительство и жилищно-коммунальное хозяйство"	"Проведение энергосервисных мероприятий на объектах капитального строительства"	"Специалист по проведению энергосервисных мероприятий на объектах капитального строительства"	"188н от 15.02.2017"	""	""
"944"	"984"	"40.171"	"Сквозные виды профессиональной деятельности"	"Термическая обработка заготовок и изделий из металлов и сплавов"	"Калильщик"	"179н от 15.02.2017"	""	""
"945"	"964"	"40.161"	"Сквозные виды профессиональной деятельности"	"Изготовление изделий из пластмасс путем прессования"	"Прессовщик изделий из пластмасс"	"182н от 15.02.2017"	""	""
"946"	"995"	"28.008"	"Производство машин и оборудования"	"Информационно-техническая поддержка производства продукции машиностроения"	"Специалист по инжинирингу машиностроительного производства"	"218н от 01.03.2017"	""	""
"947"	"968"	"13.022"	"Сельское хозяйство"	"Организация и выполнение технического сопровождения производственных процессов в сельском хозяйстве"	"Техник-механик в сельском хозяйстве"	"178н от 15.02.2017"	""	""
"948"	"815"	"19.033"	"Добыча, переработка, транспортировка нефти и газа"	"Эксплуатация технологических установок редуцирования, учета и распределения газа"	"Работник по эксплуатации технологических установок редуцирования, учета ираспределения газа"	"223н от 01.03.2017"	""	""
"949"	"37"	"17.001"	"Транспорт"	"Техническое обслуживание и ремонт вагонов и контейнеров при эксплуатации"	"Осмотрщик-ремонтник вагонов, осмотрщик вагонов"	"187н от 07.04.2014"	""	""
